index,theta,A,B,C,X,Y,Id,Iq
0,0.53,-15.00,-15.00,-11.00,-1.63,-2.83,-2.84,-1.60
1,0.55,-15.00,-15.00,-15.00,0.00,0.00,0.00,0.00
2,0.58,-15.00,-15.00,-15.00,0.00,0.00,0.00,0.00
3,0.60,-15.00,-15.00,-15.00,0.00,0.00,0.00,0.00
4,0.64,-15.00,-15.00,-15.00,0.00,0.00,0.00,0.00
5,0.66,-15.00,-15.00,-15.00,0.00,0.00,0.00,0.00
6,0.71,-15.00,-15.00,-15.00,0.00,0.00,0.00,0.00
7,0.72,-15.00,-15.00,-15.00,0.00,0.00,0.00,0.00
8,0.77,-15.00,-15.00,-15.00,0.00,0.00,0.00,0.00
9,0.79,-15.00,-15.00,-15.00,0.00,0.00,0.00,0.00
10,0.84,-15.00,-15.00,-15.00,0.00,0.00,0.00,0.00
11,0.85,-15.00,-15.00,-15.00,0.00,0.00,0.00,0.00
12,0.89,-15.00,-15.00,-15.00,0.00,0.00,0.00,0.00
13,0.91,-15.00,-15.00,-15.00,0.00,0.00,0.00,0.00
14,0.94,-15.00,-15.00,-15.00,0.00,0.00,0.00,0.00
15,0.98,-15.00,-15.00,-15.00,0.00,0.00,0.00,0.00
16,1.02,-15.00,-15.00,-15.00,0.00,0.00,0.00,0.00
17,1.05,-15.00,-15.00,-15.00,0.00,0.00,0.00,0.00
18,1.06,-15.00,-15.00,-15.00,0.00,0.00,0.00,0.00
19,1.12,-15.00,-15.00,-15.00,0.00,0.00,0.00,0.00
20,1.14,-15.00,-15.00,-15.00,0.00,0.00,0.00,0.00
21,1.17,-15.00,-15.00,-15.00,0.00,0.00,0.00,0.00
22,1.20,-15.00,-15.00,-15.00,0.00,0.00,0.00,0.00
23,1.26,-15.00,-15.00,-15.00,0.00,0.00,0.00,0.00
24,1.26,-15.00,-15.00,-15.00,0.00,0.00,0.00,0.00
25,1.31,-15.00,-15.00,-15.00,0.00,0.00,0.00,0.00
26,1.31,-15.00,-15.00,-15.00,0.00,0.00,0.00,0.00
27,1.33,-15.00,-15.00,-15.00,0.00,0.00,0.00,0.00
28,1.36,-15.00,-15.00,-15.00,0.00,0.00,0.00,0.00
29,1.37,-15.00,-15.00,-15.00,0.00,0.00,0.00,0.00
30,1.39,-15.00,-15.00,-15.00,0.00,0.00,0.00,0.00
31,1.40,-15.00,-15.00,-15.00,0.00,0.00,0.00,0.00
32,1.42,-15.00,-15.00,-15.00,0.00,0.00,0.00,0.00
33,1.43,-15.00,-15.00,-15.00,0.00,0.00,0.00,0.00
34,1.43,-15.00,-15.00,-15.00,0.00,0.00,0.00,0.00
35,1.42,-15.00,-15.00,-15.00,0.00,0.00,0.00,0.00
36,1.45,-15.00,-15.00,-15.00,0.00,0.00,0.00,0.00
37,1.45,-15.00,-15.00,-15.00,0.00,0.00,0.00,0.00
38,1.43,-15.00,-15.00,-15.00,0.00,0.00,0.00,0.00
39,1.45,-15.00,-15.00,-15.00,0.00,0.00,0.00,0.00
40,1.45,-15.00,-15.00,-15.00,0.00,0.00,0.00,0.00
41,1.47,-15.00,-15.00,-15.00,0.00,0.00,0.00,0.00
42,1.48,-15.00,-15.00,-15.00,0.00,0.00,0.00,0.00
43,1.47,-15.00,-15.00,-15.00,0.00,0.00,0.00,0.00
44,1.48,-15.00,-15.00,-15.00,0.00,0.00,0.00,0.00
45,1.47,-15.00,-15.00,-15.00,0.00,0.00,0.00,0.00
46,1.48,-15.00,-15.00,-15.00,0.00,0.00,0.00,0.00
47,1.51,-15.00,-15.00,-15.00,0.00,0.00,0.00,0.00
48,1.52,-15.00,-15.00,-15.00,0.00,0.00,0.00,0.00
49,1.53,-15.00,-15.00,-15.00,0.00,0.00,0.00,0.00
50,1.55,-15.00,-15.00,-15.00,0.00,0.00,0.00,0.00
51,1.57,-15.00,-15.00,-15.00,0.00,0.00,0.00,-0.00
52,1.60,-15.00,-15.00,-15.00,0.00,0.00,0.00,-0.00
53,1.61,-15.00,-15.00,-15.00,0.00,0.00,0.00,-0.00
54,1.65,-15.00,-15.00,-15.00,0.00,0.00,0.00,-0.00
55,1.68,-15.00,-15.00,-15.00,0.00,0.00,0.00,-0.00
56,1.72,-15.00,-15.00,-15.00,0.00,0.00,0.00,-0.00
57,1.75,-15.00,-15.00,-15.00,0.00,0.00,0.00,-0.00
58,1.79,-15.00,-15.00,-15.00,0.00,0.00,0.00,-0.00
59,1.83,-15.00,-15.00,-15.00,0.00,0.00,0.00,-0.00
60,1.88,-15.00,-15.00,-15.00,0.00,0.00,0.00,-0.00
61,1.93,-15.00,-15.00,-15.00,0.00,0.00,0.00,-0.00
62,1.98,-15.00,-15.00,-15.00,0.00,0.00,0.00,-0.00
63,2.02,-15.00,-15.00,-15.00,0.00,0.00,0.00,-0.00
64,2.05,-15.00,-15.00,-15.00,0.00,0.00,0.00,-0.00
65,2.09,-15.00,-15.00,-15.00,0.00,0.00,0.00,-0.00
66,2.15,-15.00,-15.00,-15.00,0.00,0.00,0.00,-0.00
67,2.22,-15.00,-15.00,-15.00,0.00,0.00,0.00,-0.00
68,2.24,-15.00,-15.00,-15.00,0.00,0.00,0.00,-0.00
69,2.26,-15.00,-15.00,-15.00,0.00,0.00,0.00,-0.00
70,2.31,-15.00,-15.00,-15.00,0.00,0.00,0.00,-0.00
71,2.34,-15.00,-15.00,-15.00,0.00,0.00,0.00,-0.00
72,2.38,-15.00,-15.00,-15.00,0.00,0.00,0.00,-0.00
73,2.42,-14.00,-10.00,-15.00,-1.22,3.54,3.25,-1.86
74,2.47,-15.00,-15.00,-15.00,0.00,0.00,0.00,-0.00
75,2.51,-11.00,-19.00,-14.00,4.49,-3.54,-5.71,0.20
76,2.54,-14.00,-10.00,-15.00,-1.22,3.54,3.01,-2.22
77,2.58,-15.00,-15.00,-15.00,0.00,0.00,0.00,-0.00
78,2.63,-14.00,-10.00,-15.00,-1.22,3.54,2.79,-2.49
79,2.68,-15.00,-15.00,-11.00,-1.63,-2.83,0.21,3.26
80,2.76,-15.00,-11.00,-19.00,0.00,5.66,2.13,-5.24
81,2.82,-15.00,-15.00,-15.00,0.00,0.00,0.00,-0.00
82,2.90,-19.00,-14.00,-10.00,-5.71,-2.83,4.86,4.13
83,2.97,-15.00,-15.00,-11.00,-1.63,-2.83,1.13,3.07
84,3.04,-15.00,-15.00,-15.00,0.00,0.00,0.00,-0.00
85,3.10,-15.00,-11.00,-19.00,0.00,5.66,0.24,-5.65
86,3.17,-15.00,-15.00,-15.00,0.00,0.00,-0.00,0.00
87,3.23,-15.00,-15.00,-11.00,-1.63,-2.83,1.87,2.68
88,3.31,-15.00,-15.00,-15.00,0.00,0.00,-0.00,0.00
89,3.36,-11.00,-19.00,-14.00,4.49,-3.54,-3.61,4.43
90,3.44,-14.00,-10.00,-15.00,-1.22,3.54,0.15,-3.74
91,3.50,-15.00,-15.00,-15.00,0.00,0.00,-0.00,0.00
92,3.58,-11.00,-19.00,-14.00,4.49,-3.54,-2.58,5.10
93,3.66,-14.00,-10.00,-15.00,-1.22,3.54,-0.68,-3.68
94,3.72,-15.00,-15.00,-15.00,0.00,0.00,-0.00,0.00
95,3.81,-19.00,-14.00,-10.00,-5.71,-2.83,6.24,-1.32
96,3.90,-19.00,-14.00,-10.00,-5.71,-2.83,6.10,-1.85
97,4.00,-11.00,-19.00,-14.00,4.49,-3.54,-0.26,5.71
98,4.07,-19.00,-14.00,-10.00,-5.71,-2.83,5.69,-2.87
99,4.15,-19.00,-14.00,-10.00,-5.71,-2.83,5.45,-3.31
100,4.22,-19.00,-14.00,-10.00,-5.71,-2.83,5.21,-3.67
101,4.30,-15.00,-15.00,-15.00,0.00,0.00,-0.00,0.00
102,4.35,-19.00,-14.00,-10.00,-5.71,-2.83,4.67,-4.34
103,4.40,-15.00,-15.00,-15.00,0.00,0.00,-0.00,0.00
104,4.44,-19.00,-14.00,-10.00,-5.71,-2.83,4.28,-4.73
105,4.50,-19.00,-14.00,-10.00,-5.71,-2.83,3.98,-4.98
106,4.53,-15.00,-15.00,-15.00,0.00,0.00,-0.00,0.00
107,4.57,-11.00,-19.00,-14.00,4.49,-3.54,2.87,4.94
108,4.62,-15.00,-15.00,-15.00,0.00,0.00,-0.00,0.00
109,4.66,-19.00,-14.00,-10.00,-5.71,-2.83,3.14,-5.55
110,4.70,-19.00,-14.00,-10.00,-5.71,-2.83,2.90,-5.68
111,4.77,-19.00,-14.00,-10.00,-5.71,-2.83,2.51,-5.86
112,4.83,-14.00,-10.00,-15.00,-1.22,3.54,-3.65,-0.81
113,4.90,-15.00,-15.00,-11.00,-1.63,-2.83,2.48,-2.12
114,4.98,-15.00,-15.00,-15.00,0.00,0.00,0.00,0.00
115,5.03,-15.00,-11.00,-19.00,0.00,5.66,-5.38,1.74
116,5.08,-15.00,-15.00,-15.00,0.00,0.00,0.00,0.00
117,5.14,-19.00,-14.00,-10.00,-5.71,-2.83,0.23,-6.37
118,5.22,-15.00,-15.00,-15.00,0.00,0.00,0.00,0.00
119,5.26,-19.00,-14.00,-10.00,-5.71,-2.83,-0.55,-6.35
120,5.33,-15.00,-15.00,-15.00,0.00,0.00,0.00,0.00
121,5.38,-19.00,-14.00,-10.00,-5.71,-2.83,-1.32,-6.24
122,5.42,-15.00,-15.00,-15.00,0.00,0.00,0.00,0.00
123,5.46,-11.00,-19.00,-14.00,4.49,-3.54,5.65,0.88
124,5.51,-15.00,-15.00,-15.00,0.00,0.00,0.00,0.00
125,5.54,-19.00,-14.00,-10.00,-5.71,-2.83,-2.30,-5.95
126,5.58,-15.00,-15.00,-15.00,0.00,0.00,0.00,0.00
127,5.62,-15.00,-11.00,-19.00,0.00,5.66,-3.48,4.46
128,5.65,-15.00,-15.00,-15.00,0.00,0.00,0.00,0.00
129,5.69,-11.00,-19.00,-14.00,4.49,-3.54,5.70,-0.41
130,5.72,-10.00,-15.00,-15.00,4.08,0.00,3.46,2.16
131,5.77,-15.00,-15.00,-15.00,0.00,0.00,0.00,0.00
132,5.82,-19.00,-14.00,-10.00,-5.71,-2.83,-3.86,-5.07
133,5.87,-15.00,-15.00,-15.00,0.00,0.00,0.00,0.00
134,5.93,-19.00,-14.00,-10.00,-5.71,-2.83,-4.37,-4.64
135,5.98,-15.00,-15.00,-15.00,0.00,0.00,0.00,0.00
136,6.04,-19.00,-14.00,-10.00,-5.71,-2.83,-4.88,-4.10
137,6.09,-10.00,-15.00,-15.00,4.08,0.00,4.01,0.77
138,6.15,-15.00,-15.00,-15.00,0.00,0.00,0.00,0.00
139,6.20,-15.00,-11.00,-19.00,0.00,5.66,-0.45,5.64
140,6.26,-15.00,-15.00,-15.00,0.00,0.00,0.00,0.00
141,6.28,-15.00,-15.00,-11.00,-1.63,-2.83,-1.63,-2.83
142,0.07,-15.00,-15.00,-15.00,0.00,0.00,0.00,0.00
143,0.12,-15.00,-15.00,-15.00,0.00,0.00,0.00,0.00
144,0.17,-15.00,-15.00,-15.00,0.00,0.00,0.00,0.00
145,0.23,-15.00,-15.00,-15.00,0.00,0.00,0.00,0.00
146,0.25,-15.00,-15.00,-15.00,0.00,0.00,0.00,0.00
147,0.29,-15.00,-15.00,-15.00,0.00,0.00,0.00,0.00
148,0.34,-15.00,-15.00,-15.00,0.00,0.00,0.00,0.00
149,0.37,-15.00,-15.00,-15.00,0.00,0.00,0.00,0.00
150,0.43,-15.00,-15.00,-15.00,0.00,0.00,0.00,0.00
151,0.47,-15.00,-15.00,-15.00,0.00,0.00,0.00,0.00
152,0.52,-15.00,-15.00,-15.00,0.00,0.00,0.00,0.00
153,0.58,-15.00,-15.00,-15.00,0.00,0.00,0.00,0.00
154,0.60,-15.00,-15.00,-15.00,0.00,0.00,0.00,0.00
155,0.67,-15.00,-15.00,-15.00,0.00,0.00,0.00,0.00
156,0.72,-15.00,-15.00,-15.00,0.00,0.00,0.00,0.00
157,0.79,-15.00,-15.00,-15.00,0.00,0.00,0.00,0.00
158,0.82,-15.00,-15.00,-15.00,0.00,0.00,0.00,0.00
159,0.87,-15.00,-15.00,-15.00,0.00,0.00,0.00,0.00
160,0.92,-15.00,-15.00,-15.00,0.00,0.00,0.00,0.00
161,0.96,-15.00,-15.00,-15.00,0.00,0.00,0.00,0.00
162,1.03,-15.00,-15.00,-15.00,0.00,0.00,0.00,0.00
163,1.09,-15.00,-15.00,-15.00,0.00,0.00,0.00,0.00
164,1.12,-15.00,-15.00,-15.00,0.00,0.00,0.00,0.00
165,1.15,-15.00,-15.00,-15.00,0.00,0.00,0.00,0.00
166,1.19,-15.00,-15.00,-15.00,0.00,0.00,0.00,0.00
167,1.26,-15.00,-15.00,-15.00,0.00,0.00,0.00,0.00
168,1.28,-15.00,-15.00,-15.00,0.00,0.00,0.00,0.00
169,1.31,-15.00,-15.00,-15.00,0.00,0.00,0.00,0.00
170,1.34,-15.00,-15.00,-15.00,0.00,0.00,0.00,0.00
171,1.37,-15.00,-15.00,-15.00,0.00,0.00,0.00,0.00
172,1.39,-15.00,-15.00,-15.00,0.00,0.00,0.00,0.00
173,1.39,-15.00,-15.00,-15.00,0.00,0.00,0.00,0.00
174,1.42,-15.00,-15.00,-15.00,0.00,0.00,0.00,0.00
175,1.46,-15.00,-15.00,-15.00,0.00,0.00,0.00,0.00
176,1.46,-15.00,-15.00,-15.00,0.00,0.00,0.00,0.00
177,1.48,-15.00,-15.00,-15.00,0.00,0.00,0.00,0.00
178,1.50,-15.00,-15.00,-15.00,0.00,0.00,0.00,0.00
179,1.53,-15.00,-15.00,-15.00,0.00,0.00,0.00,0.00
180,1.54,-15.00,-15.00,-15.00,0.00,0.00,0.00,0.00
181,1.55,-15.00,-15.00,-15.00,0.00,0.00,0.00,0.00
182,1.58,-15.00,-15.00,-15.00,0.00,0.00,0.00,-0.00
183,1.60,-15.00,-15.00,-15.00,0.00,0.00,0.00,-0.00
184,1.61,-15.00,-15.00,-15.00,0.00,0.00,0.00,-0.00
185,1.65,-15.00,-15.00,-15.00,0.00,0.00,0.00,-0.00
186,1.66,-15.00,-15.00,-15.00,0.00,0.00,0.00,-0.00
187,1.69,-15.00,-15.00,-15.00,0.00,0.00,0.00,-0.00
188,1.72,-15.00,-15.00,-15.00,0.00,0.00,0.00,-0.00
189,1.73,-15.00,-15.00,-15.00,0.00,0.00,0.00,-0.00
190,1.78,-15.00,-15.00,-15.00,0.00,0.00,0.00,-0.00
191,1.81,-15.00,-15.00,-15.00,0.00,0.00,0.00,-0.00
192,1.82,-15.00,-15.00,-15.00,0.00,0.00,0.00,-0.00
193,1.87,-15.00,-15.00,-15.00,0.00,0.00,0.00,-0.00
194,1.89,-15.00,-15.00,-15.00,0.00,0.00,0.00,-0.00
195,1.94,-15.00,-15.00,-15.00,0.00,0.00,0.00,-0.00
196,1.96,-15.00,-15.00,-15.00,0.00,0.00,0.00,-0.00
197,1.99,-15.00,-15.00,-15.00,0.00,0.00,0.00,-0.00
198,2.03,-15.00,-15.00,-15.00,0.00,0.00,0.00,-0.00
199,2.09,-15.00,-15.00,-15.00,0.00,0.00,0.00,-0.00
200,2.12,-15.00,-15.00,-15.00,0.00,0.00,0.00,-0.00
201,2.15,-15.00,-15.00,-15.00,0.00,0.00,0.00,-0.00
202,2.20,-15.00,-15.00,-15.00,0.00,0.00,0.00,-0.00
203,2.23,-15.00,-15.00,-15.00,0.00,0.00,0.00,-0.00
204,2.28,-15.00,-15.00,-15.00,0.00,0.00,0.00,-0.00
205,2.31,-15.00,-15.00,-15.00,0.00,0.00,0.00,-0.00
206,2.34,-15.00,-15.00,-15.00,0.00,0.00,0.00,-0.00
207,2.39,-15.00,-15.00,-15.00,0.00,0.00,0.00,-0.00
208,2.45,-19.00,-14.00,-10.00,-5.71,-2.83,2.59,5.83
209,2.49,-15.00,-11.00,-19.00,0.00,5.66,3.43,-4.50
210,2.55,-15.00,-15.00,-15.00,0.00,0.00,0.00,-0.00
211,2.61,-11.00,-19.00,-14.00,4.49,-3.54,-5.66,0.79
212,2.68,-15.00,-15.00,-15.00,0.00,0.00,0.00,-0.00
213,2.74,-14.00,-10.00,-15.00,-1.22,3.54,2.50,-2.78
214,2.82,-15.00,-11.00,-19.00,0.00,5.66,1.81,-5.36
215,2.88,-15.00,-15.00,-15.00,0.00,0.00,0.00,-0.00
216,2.95,-11.00,-19.00,-14.00,4.49,-3.54,-5.08,2.62
217,3.02,-10.00,-15.00,-15.00,4.08,0.00,-4.05,-0.50
218,3.09,-15.00,-15.00,-15.00,0.00,0.00,0.00,-0.00
219,3.15,-15.00,-11.00,-19.00,0.00,5.66,-0.03,-5.66
220,3.22,-15.00,-15.00,-15.00,0.00,0.00,-0.00,0.00
221,3.25,-11.00,-19.00,-14.00,4.49,-3.54,-4.07,4.01
222,3.34,-19.00,-14.00,-10.00,-5.71,-2.83,6.16,1.66
223,3.38,-15.00,-15.00,-15.00,0.00,0.00,-0.00,0.00
224,3.44,-11.00,-19.00,-14.00,4.49,-3.54,-3.27,4.69
225,3.51,-14.00,-10.00,-15.00,-1.22,3.54,-0.13,-3.74
226,3.58,-15.00,-15.00,-11.00,-1.63,-2.83,2.67,1.88
227,3.66,-15.00,-11.00,-19.00,0.00,5.66,-2.82,-4.90
228,3.74,-15.00,-15.00,-15.00,0.00,0.00,-0.00,0.00
229,3.82,-19.00,-14.00,-10.00,-5.71,-2.83,6.22,-1.40
230,3.91,-10.00,-15.00,-15.00,4.08,0.00,-2.94,2.83
231,3.97,-15.00,-15.00,-15.00,0.00,0.00,-0.00,0.00
232,4.03,-14.00,-10.00,-15.00,-1.22,3.54,-1.96,-3.19
233,4.10,-15.00,-15.00,-11.00,-1.63,-2.83,3.25,0.29
234,4.17,-19.00,-14.00,-10.00,-5.71,-2.83,5.39,-3.41
235,4.25,-14.00,-10.00,-15.00,-1.22,3.54,-2.61,-2.68
236,4.31,-11.00,-19.00,-14.00,4.49,-3.54,1.48,5.52
237,4.36,-14.00,-10.00,-15.00,-1.22,3.54,-2.90,-2.36
238,4.42,-15.00,-15.00,-15.00,0.00,0.00,-0.00,0.00
239,4.45,-15.00,-11.00,-19.00,0.00,5.66,-5.47,-1.44
240,4.52,-15.00,-15.00,-15.00,0.00,0.00,-0.00,0.00
241,4.59,-19.00,-14.00,-10.00,-5.71,-2.83,3.51,-5.33
242,4.66,-11.00,-19.00,-14.00,4.49,-3.54,3.31,4.66
243,4.73,-14.00,-10.00,-15.00,-1.22,3.54,-3.56,-1.16
244,4.81,-11.00,-19.00,-14.00,4.49,-3.54,3.96,4.12
245,4.91,-10.00,-15.00,-15.00,4.08,0.00,0.80,4.00
246,4.96,-15.00,-15.00,-15.00,0.00,0.00,0.00,0.00
247,5.01,-15.00,-11.00,-19.00,0.00,5.66,-5.40,1.68
248,5.07,-15.00,-15.00,-15.00,0.00,0.00,0.00,0.00
249,5.15,-19.00,-14.00,-10.00,-5.71,-2.83,0.11,-6.38
250,5.20,-15.00,-15.00,-15.00,0.00,0.00,0.00,0.00
251,5.25,-11.00,-19.00,-14.00,4.49,-3.54,5.34,2.03
252,5.31,-15.00,-15.00,-15.00,0.00,0.00,0.00,0.00
253,5.36,-14.00,-10.00,-15.00,-1.22,3.54,-3.56,1.17
254,5.40,-15.00,-15.00,-11.00,-1.63,-2.83,1.15,-3.06
255,5.45,-14.00,-10.00,-15.00,-1.22,3.54,-3.43,1.49
256,5.52,-15.00,-11.00,-19.00,0.00,5.66,-3.90,4.10
257,5.57,-15.00,-15.00,-15.00,0.00,0.00,0.00,0.00
258,5.65,-14.00,-10.00,-15.00,-1.22,3.54,-3.08,2.13
259,5.70,-15.00,-15.00,-15.00,0.00,0.00,0.00,0.00
260,5.79,-11.00,-19.00,-14.00,4.49,-3.54,5.63,-1.00
261,5.88,-10.00,-15.00,-15.00,4.08,0.00,3.75,1.61
262,5.98,-15.00,-15.00,-15.00,0.00,0.00,0.00,0.00
263,6.07,-15.00,-11.00,-19.00,0.00,5.66,-1.21,5.53
264,6.14,-15.00,-15.00,-15.00,0.00,0.00,0.00,0.00
265,6.23,-15.00,-11.00,-19.00,0.00,5.66,-0.28,5.65
266,0.03,-15.00,-15.00,-15.00,0.00,0.00,0.00,0.00
267,0.09,-15.00,-15.00,-15.00,0.00,0.00,0.00,0.00
268,0.17,-15.00,-15.00,-15.00,0.00,0.00,0.00,0.00
269,0.23,-15.00,-15.00,-15.00,0.00,0.00,0.00,0.00
270,0.28,-15.00,-15.00,-15.00,0.00,0.00,0.00,0.00
271,0.36,-15.00,-15.00,-15.00,0.00,0.00,0.00,0.00
272,0.44,-15.00,-15.00,-15.00,0.00,0.00,0.00,0.00
273,0.51,-15.00,-15.00,-15.00,0.00,0.00,0.00,0.00
274,0.58,-15.00,-15.00,-15.00,0.00,0.00,0.00,0.00
275,0.66,-15.00,-15.00,-15.00,0.00,0.00,0.00,0.00
276,0.70,-15.00,-15.00,-15.00,0.00,0.00,0.00,0.00
277,0.79,-15.00,-15.00,-15.00,0.00,0.00,0.00,0.00
278,0.85,-15.00,-15.00,-15.00,0.00,0.00,0.00,0.00
279,0.90,-15.00,-15.00,-15.00,0.00,0.00,0.00,0.00
280,0.95,-15.00,-15.00,-15.00,0.00,0.00,0.00,0.00
281,1.04,-15.00,-15.00,-15.00,0.00,0.00,0.00,0.00
282,1.09,-15.00,-15.00,-15.00,0.00,0.00,0.00,0.00
283,1.14,-15.00,-15.00,-15.00,0.00,0.00,0.00,0.00
284,1.17,-15.00,-15.00,-15.00,0.00,0.00,0.00,0.00
285,1.24,-15.00,-15.00,-15.00,0.00,0.00,0.00,0.00
286,1.27,-15.00,-15.00,-15.00,0.00,0.00,0.00,0.00
287,1.32,-15.00,-15.00,-15.00,0.00,0.00,0.00,0.00
288,1.36,-15.00,-15.00,-15.00,0.00,0.00,0.00,0.00
289,1.39,-15.00,-15.00,-15.00,0.00,0.00,0.00,0.00
290,1.44,-15.00,-15.00,-15.00,0.00,0.00,0.00,0.00
291,1.48,-15.00,-15.00,-15.00,0.00,0.00,0.00,0.00
292,1.53,-15.00,-15.00,-15.00,0.00,0.00,0.00,0.00
293,1.57,-15.00,-15.00,-15.00,0.00,0.00,0.00,-0.00
294,1.61,-15.00,-15.00,-15.00,0.00,0.00,0.00,-0.00
295,1.66,-15.00,-15.00,-15.00,0.00,0.00,0.00,-0.00
296,1.71,-15.00,-15.00,-15.00,0.00,0.00,0.00,-0.00
297,1.75,-15.00,-15.00,-15.00,0.00,0.00,0.00,-0.00
298,1.80,-15.00,-15.00,-15.00,0.00,0.00,0.00,-0.00
299,1.85,-15.00,-15.00,-15.00,0.00,0.00,0.00,-0.00
300,1.88,-15.00,-15.00,-15.00,0.00,0.00,0.00,-0.00
301,1.93,-15.00,-15.00,-15.00,0.00,0.00,0.00,-0.00
302,1.98,-15.00,-15.00,-15.00,0.00,0.00,0.00,-0.00
303,2.04,-15.00,-15.00,-15.00,0.00,0.00,0.00,-0.00
304,2.07,-15.00,-15.00,-15.00,0.00,0.00,0.00,-0.00
305,2.14,-15.00,-15.00,-15.00,0.00,0.00,0.00,-0.00
306,2.15,-15.00,-15.00,-15.00,0.00,0.00,0.00,-0.00
307,2.22,-15.00,-15.00,-15.00,0.00,0.00,0.00,-0.00
308,2.24,-15.00,-15.00,-15.00,0.00,0.00,0.00,-0.00
309,2.28,-15.00,-15.00,-15.00,0.00,0.00,0.00,-0.00
310,2.33,-15.00,-15.00,-15.00,0.00,0.00,0.00,-0.00
311,2.34,-15.00,-15.00,-15.00,0.00,0.00,0.00,-0.00
312,2.39,-15.00,-15.00,-15.00,0.00,0.00,0.00,-0.00
313,2.42,-19.00,-14.00,-10.00,-5.71,-2.83,2.41,5.90
314,2.46,-15.00,-11.00,-19.00,0.00,5.66,3.56,-4.39
315,2.49,-15.00,-15.00,-15.00,0.00,0.00,0.00,-0.00
316,2.55,-14.00,-10.00,-15.00,-1.22,3.54,2.98,-2.26
317,2.58,-15.00,-11.00,-19.00,0.00,5.66,3.00,-4.80
318,2.64,-15.00,-15.00,-15.00,0.00,0.00,0.00,-0.00
319,2.70,-11.00,-19.00,-14.00,4.49,-3.54,-5.57,1.28
320,2.74,-10.00,-15.00,-15.00,4.08,0.00,-3.76,-1.59
321,2.79,-15.00,-15.00,-15.00,0.00,0.00,0.00,-0.00
322,2.85,-14.00,-10.00,-15.00,-1.22,3.54,2.20,-3.03
323,2.91,-15.00,-15.00,-15.00,0.00,0.00,0.00,-0.00
324,2.98,-15.00,-11.00,-19.00,0.00,5.66,0.90,-5.59
325,3.03,-15.00,-15.00,-15.00,0.00,0.00,0.00,-0.00
326,3.10,-15.00,-11.00,-19.00,0.00,5.66,0.21,-5.65
327,3.17,-15.00,-15.00,-15.00,0.00,0.00,-0.00,0.00
328,3.25,-11.00,-19.00,-14.00,4.49,-3.54,-4.07,4.01
329,3.33,-19.00,-14.00,-10.00,-5.71,-2.83,6.14,1.73
330,3.38,-15.00,-15.00,-11.00,-1.63,-2.83,2.26,2.36
331,3.46,-15.00,-11.00,-19.00,0.00,5.66,-1.77,-5.37
332,3.53,-15.00,-15.00,-15.00,0.00,0.00,-0.00,0.00
333,3.60,-19.00,-14.00,-10.00,-5.71,-2.83,6.38,0.04
334,3.68,-15.00,-15.00,-15.00,0.00,0.00,-0.00,0.00
335,3.76,-14.00,-10.00,-15.00,-1.22,3.54,-1.06,-3.59
336,3.83,-15.00,-11.00,-19.00,0.00,5.66,-3.62,-4.35
337,3.93,-15.00,-15.00,-15.00,0.00,0.00,-0.00,0.00
338,3.99,-11.00,-19.00,-14.00,4.49,-3.54,-0.33,5.71
339,4.06,-19.00,-14.00,-10.00,-5.71,-2.83,5.71,-2.84
340,4.14,-10.00,-15.00,-15.00,4.08,0.00,-2.20,3.44
341,4.20,-15.00,-15.00,-15.00,0.00,0.00,-0.00,0.00
342,4.25,-19.00,-14.00,-10.00,-5.71,-2.83,5.10,-3.83
343,4.31,-14.00,-10.00,-15.00,-1.22,3.54,-2.77,-2.52
344,4.36,-11.00,-19.00,-14.00,4.49,-3.54,1.75,5.44
345,4.41,-10.00,-15.00,-15.00,4.08,0.00,-1.23,3.89
346,4.41,-15.00,-15.00,-15.00,0.00,0.00,-0.00,0.00
347,4.45,-14.00,-10.00,-15.00,-1.22,3.54,-3.09,-2.10
348,4.50,-15.00,-11.00,-19.00,0.00,5.66,-5.53,-1.21
349,4.53,-15.00,-15.00,-15.00,0.00,0.00,-0.00,0.00
350,4.55,-11.00,-19.00,-14.00,4.49,-3.54,2.75,5.01
351,4.58,-19.00,-14.00,-10.00,-5.71,-2.83,3.57,-5.28
352,4.64,-10.00,-15.00,-15.00,4.08,0.00,-0.30,4.07
353,4.64,-15.00,-15.00,-15.00,0.00,0.00,-0.00,0.00
354,4.69,-19.00,-14.00,-10.00,-5.71,-2.83,2.93,-5.66
355,4.76,-15.00,-15.00,-15.00,0.00,0.00,0.00,0.00
356,4.79,-15.00,-11.00,-19.00,0.00,5.66,-5.64,0.42
357,4.83,-15.00,-15.00,-15.00,0.00,0.00,0.00,0.00
358,4.90,-11.00,-19.00,-14.00,4.49,-3.54,4.30,3.77
359,4.95,-19.00,-14.00,-10.00,-5.71,-2.83,1.43,-6.21
360,5.00,-14.00,-10.00,-15.00,-1.22,3.54,-3.74,-0.17
361,5.06,-15.00,-15.00,-11.00,-1.63,-2.83,2.11,-2.49
362,5.12,-15.00,-15.00,-15.00,0.00,0.00,0.00,0.00
363,5.15,-19.00,-14.00,-10.00,-5.71,-2.83,0.11,-6.38
364,5.21,-15.00,-15.00,-15.00,0.00,0.00,0.00,0.00
365,5.25,-11.00,-19.00,-14.00,4.49,-3.54,5.34,2.03
366,5.30,-15.00,-15.00,-15.00,0.00,0.00,0.00,0.00
367,5.34,-19.00,-14.00,-10.00,-5.71,-2.83,-1.09,-6.28
368,5.38,-15.00,-15.00,-15.00,0.00,0.00,0.00,0.00
369,5.42,-14.00,-10.00,-15.00,-1.22,3.54,-3.48,1.38
370,5.44,-15.00,-11.00,-19.00,0.00,5.66,-4.21,3.77
371,5.48,-15.00,-15.00,-15.00,0.00,0.00,0.00,0.00
372,5.53,-19.00,-14.00,-10.00,-5.71,-2.83,-2.23,-5.98
373,5.57,-14.00,-10.00,-15.00,-1.22,3.54,-3.24,1.88
374,5.61,-15.00,-15.00,-15.00,0.00,0.00,0.00,0.00
375,5.66,-15.00,-11.00,-19.00,0.00,5.66,-3.29,4.60
376,5.71,-15.00,-15.00,-15.00,0.00,0.00,0.00,0.00
377,5.79,-19.00,-14.00,-10.00,-5.71,-2.83,-3.71,-5.19
378,5.87,-10.00,-15.00,-15.00,4.08,0.00,3.74,1.63
379,5.94,-15.00,-15.00,-15.00,0.00,0.00,0.00,0.00
380,6.01,-19.00,-14.00,-10.00,-5.71,-2.83,-4.75,-4.25
381,6.09,-15.00,-15.00,-15.00,0.00,0.00,0.00,0.00
382,6.15,-15.00,-15.00,-11.00,-1.63,-2.83,-1.26,-3.01
383,6.23,-14.00,-10.00,-15.00,-1.22,3.54,-1.42,3.46
384,0.01,-15.00,-15.00,-15.00,0.00,0.00,0.00,0.00
385,0.06,-15.00,-15.00,-15.00,0.00,0.00,0.00,0.00
386,0.12,-15.00,-15.00,-15.00,0.00,0.00,0.00,0.00
387,0.17,-15.00,-15.00,-15.00,0.00,0.00,0.00,0.00
388,0.21,-15.00,-15.00,-15.00,0.00,0.00,0.00,0.00
389,0.27,-15.00,-15.00,-15.00,0.00,0.00,0.00,0.00
390,0.31,-15.00,-15.00,-15.00,0.00,0.00,0.00,0.00
391,0.37,-15.00,-15.00,-15.00,0.00,0.00,0.00,0.00
392,0.41,-15.00,-15.00,-15.00,0.00,0.00,0.00,0.00
393,0.48,-15.00,-15.00,-15.00,0.00,0.00,0.00,0.00
394,0.52,-15.00,-15.00,-15.00,0.00,0.00,0.00,0.00
395,0.62,-15.00,-15.00,-15.00,0.00,0.00,0.00,0.00
396,0.67,-15.00,-15.00,-15.00,0.00,0.00,0.00,0.00
397,0.73,-15.00,-15.00,-15.00,0.00,0.00,0.00,0.00
398,0.79,-15.00,-15.00,-15.00,0.00,0.00,0.00,0.00
399,0.86,-15.00,-15.00,-15.00,0.00,0.00,0.00,0.00
400,0.93,-15.00,-15.00,-15.00,0.00,0.00,0.00,0.00
401,0.98,-15.00,-15.00,-15.00,0.00,0.00,0.00,0.00
402,1.03,-15.00,-15.00,-15.00,0.00,0.00,0.00,0.00
403,1.09,-15.00,-15.00,-15.00,0.00,0.00,0.00,0.00
404,1.15,-15.00,-15.00,-15.00,0.00,0.00,0.00,0.00
405,1.20,-15.00,-15.00,-15.00,0.00,0.00,0.00,0.00
406,1.24,-15.00,-15.00,-15.00,0.00,0.00,0.00,0.00
407,1.29,-15.00,-15.00,-15.00,0.00,0.00,0.00,0.00
408,1.33,-15.00,-15.00,-15.00,0.00,0.00,0.00,0.00
409,1.36,-15.00,-15.00,-15.00,0.00,0.00,0.00,0.00
410,1.39,-15.00,-15.00,-15.00,0.00,0.00,0.00,0.00
411,1.41,-15.00,-15.00,-15.00,0.00,0.00,0.00,0.00
412,1.45,-15.00,-15.00,-15.00,0.00,0.00,0.00,0.00
413,1.45,-15.00,-15.00,-15.00,0.00,0.00,0.00,0.00
414,1.47,-15.00,-15.00,-15.00,0.00,0.00,0.00,0.00
415,1.50,-15.00,-15.00,-15.00,0.00,0.00,0.00,0.00
416,1.52,-15.00,-15.00,-15.00,0.00,0.00,0.00,0.00
417,1.57,-15.00,-15.00,-15.00,0.00,0.00,0.00,-0.00
418,1.58,-15.00,-15.00,-15.00,0.00,0.00,0.00,-0.00
419,1.62,-15.00,-15.00,-15.00,0.00,0.00,0.00,-0.00
420,1.64,-15.00,-15.00,-15.00,0.00,0.00,0.00,-0.00
421,1.66,-15.00,-15.00,-15.00,0.00,0.00,0.00,-0.00
422,1.71,-15.00,-15.00,-15.00,0.00,0.00,0.00,-0.00
423,1.72,-15.00,-15.00,-15.00,0.00,0.00,0.00,-0.00
424,1.75,-15.00,-15.00,-15.00,0.00,0.00,0.00,-0.00
425,1.77,-15.00,-15.00,-15.00,0.00,0.00,0.00,-0.00
426,1.80,-15.00,-15.00,-15.00,0.00,0.00,0.00,-0.00
427,1.83,-15.00,-15.00,-15.00,0.00,0.00,0.00,-0.00
428,1.87,-15.00,-15.00,-15.00,0.00,0.00,0.00,-0.00
429,1.87,-15.00,-15.00,-15.00,0.00,0.00,0.00,-0.00
430,1.89,-15.00,-15.00,-15.00,0.00,0.00,0.00,-0.00
431,1.92,-15.00,-15.00,-15.00,0.00,0.00,0.00,-0.00
432,1.93,-15.00,-15.00,-15.00,0.00,0.00,0.00,-0.00
433,1.95,-15.00,-15.00,-15.00,0.00,0.00,0.00,-0.00
434,1.96,-15.00,-15.00,-15.00,0.00,0.00,0.00,-0.00
435,1.99,-15.00,-15.00,-15.00,0.00,0.00,0.00,-0.00
436,2.01,-15.00,-15.00,-15.00,0.00,0.00,0.00,-0.00
437,2.01,-15.00,-15.00,-15.00,0.00,0.00,0.00,-0.00
438,2.01,-15.00,-15.00,-15.00,0.00,0.00,0.00,-0.00
439,2.03,-15.00,-15.00,-15.00,0.00,0.00,0.00,-0.00
440,2.02,-15.00,-15.00,-15.00,0.00,0.00,0.00,-0.00
441,2.04,-15.00,-15.00,-15.00,0.00,0.00,0.00,-0.00
442,2.06,-15.00,-15.00,-15.00,0.00,0.00,0.00,-0.00
443,2.06,-15.00,-15.00,-15.00,0.00,0.00,0.00,-0.00
444,2.09,-15.00,-15.00,-15.00,0.00,0.00,0.00,-0.00
445,2.07,-15.00,-15.00,-15.00,0.00,0.00,0.00,-0.00
446,2.07,-15.00,-15.00,-15.00,0.00,0.00,0.00,-0.00
447,2.09,-15.00,-15.00,-15.00,0.00,0.00,0.00,-0.00
448,2.09,-15.00,-15.00,-15.00,0.00,0.00,0.00,-0.00
449,2.10,-15.00,-15.00,-15.00,0.00,0.00,0.00,-0.00
450,2.10,-15.00,-15.00,-15.00,0.00,0.00,0.00,-0.00
451,2.11,-15.00,-15.00,-15.00,0.00,0.00,0.00,-0.00
452,2.10,-15.00,-15.00,-15.00,0.00,0.00,0.00,-0.00
453,2.10,-15.00,-15.00,-15.00,0.00,0.00,0.00,-0.00
454,2.12,-15.00,-15.00,-15.00,0.00,0.00,0.00,-0.00
455,2.12,-15.00,-15.00,-15.00,0.00,0.00,0.00,-0.00
456,2.11,-15.00,-15.00,-15.00,0.00,0.00,0.00,-0.00
457,2.10,-15.00,-15.00,-15.00,0.00,0.00,0.00,-0.00
458,2.09,-15.00,-15.00,-15.00,0.00,0.00,0.00,-0.00
459,2.09,-15.00,-15.00,-15.00,0.00,0.00,0.00,-0.00
460,2.10,-15.00,-15.00,-15.00,0.00,0.00,0.00,-0.00
461,2.10,-15.00,-15.00,-15.00,0.00,0.00,0.00,-0.00
462,2.09,-15.00,-15.00,-15.00,0.00,0.00,0.00,-0.00
463,2.10,-15.00,-15.00,-15.00,0.00,0.00,0.00,-0.00
464,2.09,-15.00,-15.00,-15.00,0.00,0.00,0.00,-0.00
465,2.10,-15.00,-15.00,-15.00,0.00,0.00,0.00,-0.00
466,2.09,-15.00,-15.00,-15.00,0.00,0.00,0.00,-0.00
467,2.08,-15.00,-15.00,-15.00,0.00,0.00,0.00,-0.00
468,2.09,-15.00,-15.00,-15.00,0.00,0.00,0.00,-0.00
469,2.10,-15.00,-15.00,-15.00,0.00,0.00,0.00,-0.00
470,2.11,-15.00,-15.00,-15.00,0.00,0.00,0.00,-0.00
471,2.10,-15.00,-15.00,-15.00,0.00,0.00,0.00,-0.00
472,2.09,-15.00,-15.00,-15.00,0.00,0.00,0.00,-0.00
473,2.09,-15.00,-15.00,-15.00,0.00,0.00,0.00,-0.00
474,2.09,-15.00,-15.00,-15.00,0.00,0.00,0.00,-0.00
475,2.10,-15.00,-15.00,-15.00,0.00,0.00,0.00,-0.00
476,2.09,-15.00,-15.00,-15.00,0.00,0.00,0.00,-0.00
477,2.10,-15.00,-15.00,-15.00,0.00,0.00,0.00,-0.00
478,2.12,-15.00,-15.00,-15.00,0.00,0.00,0.00,-0.00
479,2.10,-15.00,-15.00,-15.00,0.00,0.00,0.00,-0.00
480,2.09,-15.00,-15.00,-15.00,0.00,0.00,0.00,-0.00
481,2.11,-15.00,-15.00,-15.00,0.00,0.00,0.00,-0.00
482,2.09,-15.00,-15.00,-15.00,0.00,0.00,0.00,-0.00
483,2.09,-15.00,-15.00,-15.00,0.00,0.00,0.00,-0.00
484,2.09,-15.00,-15.00,-15.00,0.00,0.00,0.00,-0.00
485,2.09,-15.00,-15.00,-15.00,0.00,0.00,0.00,-0.00
486,2.09,-15.00,-15.00,-15.00,0.00,0.00,0.00,-0.00
487,2.09,-15.00,-15.00,-15.00,0.00,0.00,0.00,-0.00
488,2.10,-15.00,-15.00,-15.00,0.00,0.00,0.00,-0.00
489,2.10,-15.00,-15.00,-15.00,0.00,0.00,0.00,-0.00
490,2.09,-15.00,-15.00,-15.00,0.00,0.00,0.00,-0.00
491,2.10,-15.00,-15.00,-15.00,0.00,0.00,0.00,-0.00
492,2.10,-15.00,-15.00,-15.00,0.00,0.00,0.00,-0.00
493,2.09,-15.00,-15.00,-15.00,0.00,0.00,0.00,-0.00
494,2.09,-15.00,-15.00,-15.00,0.00,0.00,0.00,-0.00
495,2.09,-15.00,-15.00,-15.00,0.00,0.00,0.00,-0.00
496,2.09,-15.00,-15.00,-15.00,0.00,0.00,0.00,-0.00
497,2.09,-15.00,-15.00,-15.00,0.00,0.00,0.00,-0.00
498,2.10,-15.00,-15.00,-15.00,0.00,0.00,0.00,-0.00
499,2.09,-15.00,-15.00,-15.00,0.00,0.00,0.00,-0.00
500,2.09,-15.00,-15.00,-15.00,0.00,0.00,0.00,-0.00
501,2.09,-15.00,-15.00,-15.00,0.00,0.00,0.00,-0.00
502,2.09,-15.00,-15.00,-15.00,0.00,0.00,0.00,-0.00
503,2.10,-15.00,-15.00,-15.00,0.00,0.00,0.00,-0.00
504,2.11,-15.00,-15.00,-15.00,0.00,0.00,0.00,-0.00
505,2.09,-15.00,-15.00,-15.00,0.00,0.00,0.00,-0.00
506,2.10,-15.00,-15.00,-15.00,0.00,0.00,0.00,-0.00
507,2.09,-15.00,-15.00,-15.00,0.00,0.00,0.00,-0.00
508,2.09,-15.00,-15.00,-15.00,0.00,0.00,0.00,-0.00
509,2.10,-15.00,-15.00,-15.00,0.00,0.00,0.00,-0.00
510,2.10,-15.00,-15.00,-15.00,0.00,0.00,0.00,-0.00
511,2.10,-15.00,-15.00,-15.00,0.00,0.00,0.00,-0.00
512,2.09,-15.00,-15.00,-15.00,0.00,0.00,0.00,-0.00
513,2.09,-15.00,-15.00,-15.00,0.00,0.00,0.00,-0.00
514,2.10,-15.00,-15.00,-15.00,0.00,0.00,0.00,-0.00
515,2.09,-15.00,-15.00,-15.00,0.00,0.00,0.00,-0.00
516,2.09,-15.00,-15.00,-15.00,0.00,0.00,0.00,-0.00
517,2.09,-15.00,-15.00,-15.00,0.00,0.00,0.00,-0.00
518,2.10,-15.00,-15.00,-15.00,0.00,0.00,0.00,-0.00
519,2.09,-15.00,-15.00,-15.00,0.00,0.00,0.00,-0.00
520,2.09,-15.00,-15.00,-15.00,0.00,0.00,0.00,-0.00
521,2.09,-15.00,-15.00,-15.00,0.00,0.00,0.00,-0.00
522,2.09,-15.00,-15.00,-15.00,0.00,0.00,0.00,-0.00
523,2.09,-15.00,-15.00,-15.00,0.00,0.00,0.00,-0.00
524,2.09,-15.00,-15.00,-15.00,0.00,0.00,0.00,-0.00
525,2.11,-15.00,-15.00,-15.00,0.00,0.00,0.00,-0.00
526,2.11,-15.00,-15.00,-15.00,0.00,0.00,0.00,-0.00
527,2.09,-15.00,-15.00,-15.00,0.00,0.00,0.00,-0.00
528,2.10,-15.00,-15.00,-15.00,0.00,0.00,0.00,-0.00
529,2.10,-15.00,-15.00,-15.00,0.00,0.00,0.00,-0.00
530,2.09,-15.00,-15.00,-15.00,0.00,0.00,0.00,-0.00
531,2.10,-15.00,-15.00,-15.00,0.00,0.00,0.00,-0.00
532,2.09,-15.00,-15.00,-15.00,0.00,0.00,0.00,-0.00
533,2.09,-15.00,-15.00,-15.00,0.00,0.00,0.00,-0.00
534,2.10,-15.00,-15.00,-15.00,0.00,0.00,0.00,-0.00
535,2.09,-15.00,-15.00,-15.00,0.00,0.00,0.00,-0.00
536,2.09,-15.00,-15.00,-15.00,0.00,0.00,0.00,-0.00
537,2.09,-15.00,-15.00,-15.00,0.00,0.00,0.00,-0.00
538,2.10,-15.00,-15.00,-15.00,0.00,0.00,0.00,-0.00
539,2.10,-15.00,-15.00,-15.00,0.00,0.00,0.00,-0.00
540,2.11,-15.00,-15.00,-15.00,0.00,0.00,0.00,-0.00
541,2.10,-15.00,-15.00,-15.00,0.00,0.00,0.00,-0.00
542,2.11,-15.00,-15.00,-15.00,0.00,0.00,0.00,-0.00
543,2.10,-15.00,-15.00,-15.00,0.00,0.00,0.00,-0.00
544,2.11,-15.00,-15.00,-15.00,0.00,0.00,0.00,-0.00
545,2.10,-15.00,-15.00,-15.00,0.00,0.00,0.00,-0.00
546,2.10,-15.00,-15.00,-15.00,0.00,0.00,0.00,-0.00
547,2.09,-15.00,-15.00,-15.00,0.00,0.00,0.00,-0.00
548,2.09,-15.00,-15.00,-15.00,0.00,0.00,0.00,-0.00
549,2.10,-15.00,-15.00,-15.00,0.00,0.00,0.00,-0.00
550,2.09,-15.00,-15.00,-15.00,0.00,0.00,0.00,-0.00
551,2.10,-15.00,-15.00,-15.00,0.00,0.00,0.00,-0.00
552,2.08,-15.00,-15.00,-15.00,0.00,0.00,0.00,-0.00
553,2.09,-15.00,-15.00,-15.00,0.00,0.00,0.00,-0.00
554,2.10,-15.00,-15.00,-15.00,0.00,0.00,0.00,-0.00
555,2.09,-15.00,-15.00,-15.00,0.00,0.00,0.00,-0.00
556,2.10,-15.00,-15.00,-15.00,0.00,0.00,0.00,-0.00
557,2.12,-15.00,-15.00,-15.00,0.00,0.00,0.00,-0.00
558,2.10,-15.00,-15.00,-15.00,0.00,0.00,0.00,-0.00
559,2.08,-15.00,-15.00,-15.00,0.00,0.00,0.00,-0.00
560,2.10,-15.00,-15.00,-15.00,0.00,0.00,0.00,-0.00
561,2.09,-15.00,-15.00,-15.00,0.00,0.00,0.00,-0.00
562,2.10,-15.00,-15.00,-15.00,0.00,0.00,0.00,-0.00
563,2.10,-15.00,-15.00,-15.00,0.00,0.00,0.00,-0.00
564,2.09,-15.00,-15.00,-15.00,0.00,0.00,0.00,-0.00
565,2.09,-15.00,-15.00,-15.00,0.00,0.00,0.00,-0.00
566,2.10,-15.00,-15.00,-15.00,0.00,0.00,0.00,-0.00
567,2.09,-15.00,-15.00,-15.00,0.00,0.00,0.00,-0.00
568,2.12,-15.00,-15.00,-15.00,0.00,0.00,0.00,-0.00
569,2.12,-15.00,-15.00,-15.00,0.00,0.00,0.00,-0.00
570,2.11,-15.00,-15.00,-15.00,0.00,0.00,0.00,-0.00
571,2.11,-15.00,-15.00,-15.00,0.00,0.00,0.00,-0.00
572,2.12,-15.00,-15.00,-15.00,0.00,0.00,0.00,-0.00
573,2.10,-15.00,-15.00,-15.00,0.00,0.00,0.00,-0.00
574,2.12,-15.00,-15.00,-15.00,0.00,0.00,0.00,-0.00
575,2.12,-15.00,-15.00,-15.00,0.00,0.00,0.00,-0.00
576,2.12,-15.00,-15.00,-15.00,0.00,0.00,0.00,-0.00
577,2.12,-15.00,-15.00,-15.00,0.00,0.00,0.00,-0.00
578,2.12,-15.00,-15.00,-15.00,0.00,0.00,0.00,-0.00
579,2.10,-15.00,-15.00,-15.00,0.00,0.00,0.00,-0.00
580,2.12,-15.00,-15.00,-15.00,0.00,0.00,0.00,-0.00
581,2.10,-15.00,-15.00,-15.00,0.00,0.00,0.00,-0.00
582,2.11,-15.00,-15.00,-15.00,0.00,0.00,0.00,-0.00
583,2.10,-15.00,-15.00,-15.00,0.00,0.00,0.00,-0.00
584,2.10,-15.00,-15.00,-15.00,0.00,0.00,0.00,-0.00
585,2.09,-15.00,-15.00,-15.00,0.00,0.00,0.00,-0.00
586,2.10,-15.00,-15.00,-15.00,0.00,0.00,0.00,-0.00
587,2.12,-15.00,-15.00,-15.00,0.00,0.00,0.00,-0.00
588,2.11,-15.00,-15.00,-15.00,0.00,0.00,0.00,-0.00
589,2.11,-15.00,-15.00,-15.00,0.00,0.00,0.00,-0.00
590,2.14,-15.00,-15.00,-15.00,0.00,0.00,0.00,-0.00
591,2.13,-15.00,-15.00,-15.00,0.00,0.00,0.00,-0.00
592,2.13,-15.00,-15.00,-15.00,0.00,0.00,0.00,-0.00
593,2.11,-15.00,-15.00,-15.00,0.00,0.00,0.00,-0.00
594,2.14,-15.00,-15.00,-15.00,0.00,0.00,0.00,-0.00
595,2.14,-15.00,-15.00,-15.00,0.00,0.00,0.00,-0.00
596,2.15,-15.00,-15.00,-15.00,0.00,0.00,0.00,-0.00
597,2.14,-15.00,-15.00,-15.00,0.00,0.00,0.00,-0.00
598,2.14,-15.00,-15.00,-15.00,0.00,0.00,0.00,-0.00
599,2.15,-15.00,-15.00,-15.00,0.00,0.00,0.00,-0.00
600,2.14,-15.00,-15.00,-15.00,0.00,0.00,0.00,-0.00
601,2.17,-15.00,-15.00,-15.00,0.00,0.00,0.00,-0.00
602,2.15,-15.00,-15.00,-15.00,0.00,0.00,0.00,-0.00
603,2.18,-15.00,-15.00,-15.00,0.00,0.00,0.00,-0.00
604,2.17,-15.00,-15.00,-15.00,0.00,0.00,0.00,-0.00
605,2.18,-15.00,-15.00,-15.00,0.00,0.00,0.00,-0.00
606,2.18,-15.00,-15.00,-15.00,0.00,0.00,0.00,-0.00
607,2.18,-15.00,-15.00,-15.00,0.00,0.00,0.00,-0.00
608,2.20,-15.00,-15.00,-15.00,0.00,0.00,0.00,-0.00
609,2.20,-15.00,-15.00,-15.00,0.00,0.00,0.00,-0.00
610,2.21,-15.00,-15.00,-15.00,0.00,0.00,0.00,-0.00
611,2.23,-15.00,-15.00,-15.00,0.00,0.00,0.00,-0.00
612,2.22,-15.00,-15.00,-15.00,0.00,0.00,0.00,-0.00
613,2.23,-15.00,-15.00,-15.00,0.00,0.00,0.00,-0.00
614,2.26,-15.00,-15.00,-15.00,0.00,0.00,0.00,-0.00
615,2.25,-15.00,-15.00,-15.00,0.00,0.00,0.00,-0.00
616,2.26,-15.00,-15.00,-15.00,0.00,0.00,0.00,-0.00
617,2.27,-15.00,-15.00,-15.00,0.00,0.00,0.00,-0.00
618,2.28,-15.00,-15.00,-15.00,0.00,0.00,0.00,-0.00
619,2.30,-15.00,-15.00,-15.00,0.00,0.00,0.00,-0.00
620,2.30,-15.00,-15.00,-15.00,0.00,0.00,0.00,-0.00
621,2.32,-15.00,-15.00,-15.00,0.00,0.00,0.00,-0.00
622,2.32,-15.00,-15.00,-15.00,0.00,0.00,0.00,-0.00
623,2.33,-15.00,-15.00,-15.00,0.00,0.00,0.00,-0.00
624,2.35,-15.00,-15.00,-15.00,0.00,0.00,0.00,-0.00
625,2.36,-15.00,-15.00,-15.00,0.00,0.00,0.00,-0.00
626,2.37,-11.00,-19.00,-14.00,4.49,-3.54,-5.69,-0.57
627,2.39,-15.00,-15.00,-15.00,0.00,0.00,0.00,-0.00
628,2.40,-19.00,-14.00,-10.00,-5.71,-2.83,2.30,5.95
629,2.41,-15.00,-11.00,-19.00,0.00,5.66,3.77,-4.21
630,2.44,-15.00,-15.00,-15.00,0.00,0.00,0.00,-0.00
631,2.47,-11.00,-19.00,-14.00,4.49,-3.54,-5.71,-0.05
632,2.50,-15.00,-15.00,-15.00,0.00,0.00,0.00,-0.00
633,2.52,-19.00,-14.00,-10.00,-5.71,-2.83,2.97,5.64
634,2.56,-19.00,-14.00,-10.00,-5.71,-2.83,3.21,5.51
635,2.60,-15.00,-11.00,-19.00,0.00,5.66,2.91,-4.85
636,2.64,-15.00,-15.00,-15.00,0.00,0.00,0.00,-0.00
637,2.70,-14.00,-10.00,-15.00,-1.22,3.54,2.62,-2.67
638,2.75,-15.00,-15.00,-11.00,-1.63,-2.83,0.43,3.24
639,2.81,-15.00,-15.00,-11.00,-1.63,-2.83,0.62,3.21
640,2.86,-11.00,-19.00,-14.00,4.49,-3.54,-5.30,2.15
641,2.93,-19.00,-14.00,-10.00,-5.71,-2.83,4.98,3.98
642,2.99,-11.00,-19.00,-14.00,4.49,-3.54,-4.98,2.81
643,3.07,-11.00,-19.00,-14.00,4.49,-3.54,-4.74,3.20
644,3.13,-11.00,-19.00,-14.00,4.49,-3.54,-4.53,3.48
645,3.20,-10.00,-15.00,-15.00,4.08,0.00,-4.08,0.23
646,3.26,-15.00,-15.00,-15.00,0.00,0.00,-0.00,0.00
647,3.33,-15.00,-11.00,-19.00,0.00,5.66,-1.04,-5.56
648,3.40,-15.00,-15.00,-15.00,0.00,0.00,-0.00,0.00
649,3.44,-15.00,-11.00,-19.00,0.00,5.66,-1.64,-5.41
650,3.48,-15.00,-15.00,-15.00,0.00,0.00,-0.00,0.00
651,3.53,-11.00,-19.00,-14.00,4.49,-3.54,-2.83,4.97
652,3.57,-14.00,-10.00,-15.00,-1.22,3.54,-0.36,-3.72
653,3.61,-19.00,-14.00,-10.00,-5.71,-2.83,6.38,-0.04
654,3.66,-11.00,-19.00,-14.00,4.49,-3.54,-2.13,5.30
655,3.69,-15.00,-15.00,-15.00,0.00,0.00,-0.00,0.00
656,3.71,-14.00,-10.00,-15.00,-1.22,3.54,-0.88,-3.64
657,3.77,-11.00,-19.00,-14.00,4.49,-3.54,-1.57,5.50
658,3.79,-14.00,-10.00,-15.00,-1.22,3.54,-1.17,-3.56
659,3.84,-15.00,-11.00,-19.00,0.00,5.66,-3.64,-4.33
660,3.88,-15.00,-15.00,-15.00,0.00,0.00,-0.00,0.00
661,3.90,-19.00,-14.00,-10.00,-5.71,-2.83,6.10,-1.85
662,3.93,-10.00,-15.00,-15.00,4.08,0.00,-2.87,2.90
663,3.98,-15.00,-15.00,-15.00,0.00,0.00,-0.00,0.00
664,4.01,-10.00,-15.00,-15.00,4.08,0.00,-2.65,3.11
665,4.01,-15.00,-15.00,-15.00,0.00,0.00,-0.00,0.00
666,4.07,-14.00,-10.00,-15.00,-1.22,3.54,-2.11,-3.09
667,4.09,-11.00,-19.00,-14.00,4.49,-3.54,0.27,5.71
668,4.13,-14.00,-10.00,-15.00,-1.22,3.54,-2.28,-2.97
669,4.17,-11.00,-19.00,-14.00,4.49,-3.54,0.69,5.67
670,4.22,-14.00,-10.00,-15.00,-1.22,3.54,-2.54,-2.75
671,4.26,-19.00,-14.00,-10.00,-5.71,-2.83,5.02,-3.93
672,4.29,-15.00,-15.00,-15.00,0.00,0.00,-0.00,0.00
673,4.33,-19.00,-14.00,-10.00,-5.71,-2.83,4.77,-4.23
674,4.37,-15.00,-15.00,-15.00,0.00,0.00,-0.00,0.00
675,4.39,-11.00,-19.00,-14.00,4.49,-3.54,1.92,5.38
676,4.41,-10.00,-15.00,-15.00,4.08,0.00,-1.21,3.90
677,4.43,-15.00,-15.00,-15.00,0.00,0.00,-0.00,0.00
678,4.46,-19.00,-14.00,-10.00,-5.71,-2.83,4.16,-4.83
679,4.47,-15.00,-15.00,-15.00,0.00,0.00,-0.00,0.00
680,4.47,-11.00,-19.00,-14.00,4.49,-3.54,2.37,5.20
681,4.48,-15.00,-15.00,-15.00,0.00,0.00,-0.00,0.00
682,4.48,-19.00,-14.00,-10.00,-5.71,-2.83,4.07,-4.91
683,4.48,-11.00,-19.00,-14.00,4.49,-3.54,2.40,5.19
684,4.48,-19.00,-14.00,-10.00,-5.71,-2.83,4.07,-4.91
685,4.48,-19.00,-14.00,-10.00,-5.71,-2.83,4.07,-4.91
686,4.47,-19.00,-14.00,-10.00,-5.71,-2.83,4.13,-4.86
687,4.44,-14.00,-10.00,-15.00,-1.22,3.54,-3.08,-2.12
688,4.44,-14.00,-10.00,-15.00,-1.22,3.54,-3.08,-2.12
689,4.44,-19.00,-14.00,-10.00,-5.71,-2.83,4.28,-4.73
690,4.45,-19.00,-14.00,-10.00,-5.71,-2.83,4.22,-4.78
691,4.45,-14.00,-10.00,-15.00,-1.22,3.54,-3.09,-2.10
692,4.43,-11.00,-19.00,-14.00,4.49,-3.54,2.15,5.30
693,4.44,-14.00,-10.00,-15.00,-1.22,3.54,-3.07,-2.14
694,4.44,-11.00,-19.00,-14.00,4.49,-3.54,2.21,5.27
695,4.44,-14.00,-10.00,-15.00,-1.22,3.54,-3.08,-2.12
696,4.45,-14.00,-10.00,-15.00,-1.22,3.54,-3.09,-2.10
697,4.45,-15.00,-11.00,-19.00,0.00,5.66,-5.47,-1.44
698,4.46,-15.00,-15.00,-15.00,0.00,0.00,-0.00,0.00
699,4.44,-19.00,-14.00,-10.00,-5.71,-2.83,4.25,-4.75
700,4.46,-15.00,-15.00,-15.00,0.00,0.00,-0.00,0.00
701,4.47,-19.00,-14.00,-10.00,-5.71,-2.83,4.13,-4.86
702,4.46,-10.00,-15.00,-15.00,4.08,0.00,-1.02,3.95
703,4.45,-15.00,-15.00,-15.00,0.00,0.00,-0.00,0.00
704,4.45,-11.00,-19.00,-14.00,4.49,-3.54,2.27,5.24
705,4.47,-15.00,-15.00,-15.00,0.00,0.00,-0.00,0.00
706,4.45,-19.00,-14.00,-10.00,-5.71,-2.83,4.22,-4.78
707,4.47,-19.00,-14.00,-10.00,-5.71,-2.83,4.13,-4.86
708,4.45,-10.00,-15.00,-15.00,4.08,0.00,-1.04,3.95
709,4.44,-15.00,-15.00,-15.00,0.00,0.00,-0.00,0.00
710,4.46,-11.00,-19.00,-14.00,4.49,-3.54,2.31,5.23
711,4.47,-19.00,-14.00,-10.00,-5.71,-2.83,4.10,-4.88
712,4.47,-15.00,-15.00,-15.00,0.00,0.00,-0.00,0.00
713,4.45,-19.00,-14.00,-10.00,-5.71,-2.83,4.22,-4.78
714,4.47,-14.00,-10.00,-15.00,-1.22,3.54,-3.13,-2.05
715,4.49,-15.00,-11.00,-19.00,0.00,5.66,-5.52,-1.24
716,4.48,-15.00,-15.00,-15.00,0.00,0.00,-0.00,0.00
717,4.47,-11.00,-19.00,-14.00,4.49,-3.54,2.37,5.20
718,4.47,-15.00,-15.00,-15.00,0.00,0.00,-0.00,0.00
719,4.49,-11.00,-19.00,-14.00,4.49,-3.54,2.47,5.16
720,4.50,-14.00,-10.00,-15.00,-1.22,3.54,-3.21,-1.93
721,4.50,-15.00,-11.00,-19.00,0.00,5.66,-5.53,-1.21
722,4.51,-15.00,-15.00,-15.00,0.00,0.00,-0.00,0.00
723,4.52,-15.00,-11.00,-19.00,0.00,5.66,-5.55,-1.07
724,4.53,-15.00,-15.00,-15.00,0.00,0.00,-0.00,0.00
725,4.55,-11.00,-19.00,-14.00,4.49,-3.54,2.75,5.01
726,4.54,-19.00,-14.00,-10.00,-5.71,-2.83,3.76,-5.15
727,4.56,-10.00,-15.00,-15.00,4.08,0.00,-0.62,4.03
728,4.59,-15.00,-15.00,-15.00,0.00,0.00,-0.00,0.00
729,4.61,-11.00,-19.00,-14.00,4.49,-3.54,3.08,4.82
730,4.63,-14.00,-10.00,-15.00,-1.22,3.54,-3.43,-1.50
731,4.67,-15.00,-11.00,-19.00,0.00,5.66,-5.65,-0.24
732,4.69,-15.00,-15.00,-15.00,0.00,0.00,-0.00,0.00
733,4.70,-19.00,-14.00,-10.00,-5.71,-2.83,2.90,-5.68
734,4.78,-14.00,-10.00,-15.00,-1.22,3.54,-3.61,-0.98
735,4.84,-15.00,-11.00,-19.00,0.00,5.66,-5.61,0.69
736,4.90,-15.00,-15.00,-15.00,0.00,0.00,0.00,0.00
737,4.95,-11.00,-19.00,-14.00,4.49,-3.54,4.48,3.55
738,4.99,-10.00,-15.00,-15.00,4.08,0.00,1.11,3.93
739,5.06,-15.00,-15.00,-15.00,0.00,0.00,0.00,0.00
740,5.12,-19.00,-14.00,-10.00,-5.71,-2.83,0.31,-6.37
741,5.19,-14.00,-10.00,-15.00,-1.22,3.54,-3.70,0.54
742,5.25,-11.00,-19.00,-14.00,4.49,-3.54,5.34,2.03
743,5.31,-15.00,-15.00,-15.00,0.00,0.00,0.00,0.00
744,5.38,-11.00,-19.00,-14.00,4.49,-3.54,5.55,1.36
745,5.42,-10.00,-15.00,-15.00,4.08,0.00,2.65,3.11
746,5.46,-15.00,-15.00,-15.00,0.00,0.00,0.00,0.00
747,5.51,-19.00,-14.00,-10.00,-5.71,-2.83,-2.11,-6.02
748,5.55,-15.00,-15.00,-15.00,0.00,0.00,0.00,0.00
749,5.60,-19.00,-14.00,-10.00,-5.71,-2.83,-2.62,-5.81
750,5.64,-15.00,-15.00,-15.00,0.00,0.00,0.00,0.00
751,5.68,-15.00,-11.00,-19.00,0.00,5.66,-3.20,4.66
752,5.74,-15.00,-15.00,-15.00,0.00,0.00,0.00,0.00
753,5.77,-11.00,-19.00,-14.00,4.49,-3.54,5.64,-0.90
754,5.84,-15.00,-15.00,-15.00,0.00,0.00,0.00,0.00
755,5.90,-19.00,-14.00,-10.00,-5.71,-2.83,-4.26,-4.75
756,5.97,-10.00,-15.00,-15.00,4.08,0.00,3.88,1.26
757,6.03,-15.00,-15.00,-15.00,0.00,0.00,0.00,0.00
758,6.08,-15.00,-15.00,-11.00,-1.63,-2.83,-1.03,-3.10
759,6.15,-19.00,-14.00,-10.00,-5.71,-2.83,-5.28,-3.57
760,6.23,-10.00,-15.00,-15.00,4.08,0.00,4.08,0.20
761,0.01,-15.00,-15.00,-15.00,0.00,0.00,0.00,0.00
762,0.06,-15.00,-15.00,-15.00,0.00,0.00,0.00,0.00
763,0.13,-15.00,-15.00,-15.00,0.00,0.00,0.00,0.00
764,0.17,-15.00,-15.00,-15.00,0.00,0.00,0.00,0.00
765,0.20,-15.00,-15.00,-15.00,0.00,0.00,0.00,0.00
766,0.26,-15.00,-15.00,-15.00,0.00,0.00,0.00,0.00
767,0.31,-15.00,-15.00,-15.00,0.00,0.00,0.00,0.00
768,0.34,-15.00,-15.00,-15.00,0.00,0.00,0.00,0.00
769,0.39,-15.00,-15.00,-15.00,0.00,0.00,0.00,0.00
770,0.45,-15.00,-15.00,-15.00,0.00,0.00,0.00,0.00
771,0.50,-15.00,-15.00,-15.00,0.00,0.00,0.00,0.00
772,0.55,-15.00,-15.00,-15.00,0.00,0.00,0.00,0.00
773,0.62,-15.00,-15.00,-15.00,0.00,0.00,0.00,0.00
774,0.68,-15.00,-15.00,-15.00,0.00,0.00,0.00,0.00
775,0.74,-15.00,-15.00,-15.00,0.00,0.00,0.00,0.00
776,0.79,-15.00,-15.00,-15.00,0.00,0.00,0.00,0.00
777,0.85,-15.00,-15.00,-15.00,0.00,0.00,0.00,0.00
778,0.93,-15.00,-15.00,-15.00,0.00,0.00,0.00,0.00
779,0.96,-15.00,-15.00,-15.00,0.00,0.00,0.00,0.00
780,1.01,-15.00,-15.00,-15.00,0.00,0.00,0.00,0.00
781,1.06,-15.00,-15.00,-15.00,0.00,0.00,0.00,0.00
782,1.09,-15.00,-15.00,-15.00,0.00,0.00,0.00,0.00
783,1.11,-15.00,-15.00,-15.00,0.00,0.00,0.00,0.00
784,1.14,-15.00,-15.00,-15.00,0.00,0.00,0.00,0.00
785,1.18,-15.00,-15.00,-15.00,0.00,0.00,0.00,0.00
786,1.19,-15.00,-15.00,-15.00,0.00,0.00,0.00,0.00
787,1.21,-15.00,-15.00,-15.00,0.00,0.00,0.00,0.00
788,1.21,-15.00,-15.00,-15.00,0.00,0.00,0.00,0.00
789,1.22,-15.00,-15.00,-15.00,0.00,0.00,0.00,0.00
790,1.22,-15.00,-15.00,-15.00,0.00,0.00,0.00,0.00
791,1.23,-15.00,-15.00,-15.00,0.00,0.00,0.00,0.00
792,1.23,-15.00,-15.00,-15.00,0.00,0.00,0.00,0.00
793,1.20,-15.00,-15.00,-15.00,0.00,0.00,0.00,0.00
794,1.18,-15.00,-15.00,-15.00,0.00,0.00,0.00,0.00
795,1.17,-15.00,-15.00,-15.00,0.00,0.00,0.00,0.00
796,1.17,-15.00,-15.00,-15.00,0.00,0.00,0.00,0.00
797,1.17,-15.00,-15.00,-15.00,0.00,0.00,0.00,0.00
798,1.14,-15.00,-15.00,-15.00,0.00,0.00,0.00,0.00
799,1.14,-15.00,-15.00,-15.00,0.00,0.00,0.00,0.00
800,1.12,-15.00,-15.00,-15.00,0.00,0.00,0.00,0.00
801,1.10,-15.00,-15.00,-15.00,0.00,0.00,0.00,0.00
802,1.07,-15.00,-15.00,-15.00,0.00,0.00,0.00,0.00
803,1.07,-15.00,-15.00,-15.00,0.00,0.00,0.00,0.00
804,1.06,-15.00,-15.00,-15.00,0.00,0.00,0.00,0.00
805,1.04,-15.00,-15.00,-15.00,0.00,0.00,0.00,0.00
806,1.02,-15.00,-15.00,-15.00,0.00,0.00,0.00,0.00
807,1.02,-15.00,-15.00,-15.00,0.00,0.00,0.00,0.00
808,1.01,-15.00,-15.00,-15.00,0.00,0.00,0.00,0.00
809,0.97,-15.00,-15.00,-15.00,0.00,0.00,0.00,0.00
810,0.97,-15.00,-15.00,-15.00,0.00,0.00,0.00,0.00
811,0.96,-15.00,-15.00,-15.00,0.00,0.00,0.00,0.00
812,0.94,-15.00,-15.00,-15.00,0.00,0.00,0.00,0.00
813,0.93,-15.00,-15.00,-15.00,0.00,0.00,0.00,0.00
814,0.93,-15.00,-15.00,-15.00,0.00,0.00,0.00,0.00
815,0.90,-15.00,-15.00,-15.00,0.00,0.00,0.00,0.00
816,0.88,-15.00,-15.00,-15.00,0.00,0.00,0.00,0.00
817,0.87,-15.00,-15.00,-15.00,0.00,0.00,0.00,0.00
818,0.86,-15.00,-15.00,-15.00,0.00,0.00,0.00,0.00
819,0.85,-15.00,-15.00,-15.00,0.00,0.00,0.00,0.00
820,0.84,-15.00,-15.00,-15.00,0.00,0.00,0.00,0.00
821,0.81,-15.00,-15.00,-15.00,0.00,0.00,0.00,0.00
822,0.80,-15.00,-15.00,-15.00,0.00,0.00,0.00,0.00
823,0.80,-15.00,-15.00,-15.00,0.00,0.00,0.00,0.00
824,0.77,-15.00,-15.00,-15.00,0.00,0.00,0.00,0.00
825,0.76,-15.00,-15.00,-15.00,0.00,0.00,0.00,0.00
826,0.78,-15.00,-15.00,-15.00,0.00,0.00,0.00,0.00
827,0.78,-15.00,-15.00,-15.00,0.00,0.00,0.00,0.00
828,0.76,-15.00,-15.00,-15.00,0.00,0.00,0.00,0.00
829,0.77,-15.00,-15.00,-15.00,0.00,0.00,0.00,0.00
830,0.79,-15.00,-15.00,-15.00,0.00,0.00,0.00,0.00
831,0.80,-15.00,-15.00,-15.00,0.00,0.00,0.00,0.00
832,0.80,-15.00,-15.00,-15.00,0.00,0.00,0.00,0.00
833,0.81,-15.00,-15.00,-15.00,0.00,0.00,0.00,0.00
834,0.81,-15.00,-15.00,-15.00,0.00,0.00,0.00,0.00
835,0.83,-15.00,-15.00,-15.00,0.00,0.00,0.00,0.00
836,0.85,-15.00,-15.00,-15.00,0.00,0.00,0.00,0.00
837,0.87,-15.00,-15.00,-15.00,0.00,0.00,0.00,0.00
838,0.85,-15.00,-15.00,-15.00,0.00,0.00,0.00,0.00
839,0.86,-15.00,-15.00,-15.00,0.00,0.00,0.00,0.00
840,0.87,-15.00,-15.00,-15.00,0.00,0.00,0.00,0.00
841,0.87,-15.00,-15.00,-15.00,0.00,0.00,0.00,0.00
842,0.88,-15.00,-15.00,-15.00,0.00,0.00,0.00,0.00
843,0.88,-15.00,-15.00,-15.00,0.00,0.00,0.00,0.00
844,0.88,-15.00,-15.00,-15.00,0.00,0.00,0.00,0.00
845,0.89,-15.00,-15.00,-15.00,0.00,0.00,0.00,0.00
846,0.89,-15.00,-15.00,-15.00,0.00,0.00,0.00,0.00
847,0.90,-15.00,-15.00,-15.00,0.00,0.00,0.00,0.00
848,0.89,-15.00,-15.00,-15.00,0.00,0.00,0.00,0.00
849,0.88,-15.00,-15.00,-15.00,0.00,0.00,0.00,0.00
850,0.90,-15.00,-15.00,-15.00,0.00,0.00,0.00,0.00
851,0.92,-15.00,-15.00,-15.00,0.00,0.00,0.00,0.00
852,0.91,-15.00,-15.00,-15.00,0.00,0.00,0.00,0.00
853,0.91,-15.00,-15.00,-15.00,0.00,0.00,0.00,0.00
854,0.93,-15.00,-15.00,-15.00,0.00,0.00,0.00,0.00
855,0.93,-15.00,-15.00,-15.00,0.00,0.00,0.00,0.00
856,0.94,-15.00,-15.00,-15.00,0.00,0.00,0.00,0.00
857,0.93,-15.00,-15.00,-15.00,0.00,0.00,0.00,0.00
858,0.96,-15.00,-15.00,-15.00,0.00,0.00,0.00,0.00
859,0.96,-15.00,-15.00,-15.00,0.00,0.00,0.00,0.00
860,0.98,-15.00,-15.00,-15.00,0.00,0.00,0.00,0.00
861,1.00,-15.00,-15.00,-15.00,0.00,0.00,0.00,0.00
862,0.98,-15.00,-15.00,-15.00,0.00,0.00,0.00,0.00
863,1.02,-15.00,-15.00,-15.00,0.00,0.00,0.00,0.00
864,1.04,-15.00,-15.00,-15.00,0.00,0.00,0.00,0.00
865,1.03,-15.00,-15.00,-15.00,0.00,0.00,0.00,0.00
866,1.06,-15.00,-15.00,-15.00,0.00,0.00,0.00,0.00
867,1.06,-15.00,-15.00,-15.00,0.00,0.00,0.00,0.00
868,1.09,-15.00,-15.00,-15.00,0.00,0.00,0.00,0.00
869,1.10,-15.00,-15.00,-15.00,0.00,0.00,0.00,0.00
870,1.12,-15.00,-15.00,-15.00,0.00,0.00,0.00,0.00
871,1.11,-15.00,-15.00,-15.00,0.00,0.00,0.00,0.00
872,1.14,-15.00,-15.00,-15.00,0.00,0.00,0.00,0.00
873,1.18,-15.00,-15.00,-15.00,0.00,0.00,0.00,0.00
874,1.15,-15.00,-15.00,-15.00,0.00,0.00,0.00,0.00
875,1.16,-15.00,-15.00,-15.00,0.00,0.00,0.00,0.00
876,1.20,-15.00,-15.00,-15.00,0.00,0.00,0.00,0.00
877,1.19,-15.00,-15.00,-15.00,0.00,0.00,0.00,0.00
878,1.23,-15.00,-15.00,-15.00,0.00,0.00,0.00,0.00
879,1.23,-15.00,-15.00,-15.00,0.00,0.00,0.00,0.00
880,1.26,-15.00,-15.00,-15.00,0.00,0.00,0.00,0.00
881,1.28,-15.00,-15.00,-15.00,0.00,0.00,0.00,0.00
882,1.27,-15.00,-15.00,-15.00,0.00,0.00,0.00,0.00
883,1.31,-15.00,-15.00,-15.00,0.00,0.00,0.00,0.00
884,1.31,-15.00,-15.00,-15.00,0.00,0.00,0.00,0.00
885,1.31,-15.00,-15.00,-15.00,0.00,0.00,0.00,0.00
886,1.34,-15.00,-15.00,-15.00,0.00,0.00,0.00,0.00
887,1.35,-15.00,-15.00,-15.00,0.00,0.00,0.00,0.00
888,1.37,-15.00,-15.00,-15.00,0.00,0.00,0.00,0.00
889,1.39,-15.00,-15.00,-15.00,0.00,0.00,0.00,0.00
890,1.41,-15.00,-15.00,-15.00,0.00,0.00,0.00,0.00
891,1.44,-15.00,-15.00,-15.00,0.00,0.00,0.00,0.00
892,1.45,-15.00,-15.00,-15.00,0.00,0.00,0.00,0.00
893,1.51,-15.00,-15.00,-15.00,0.00,0.00,0.00,0.00
894,1.54,-15.00,-15.00,-15.00,0.00,0.00,0.00,0.00
895,1.58,-15.00,-15.00,-15.00,0.00,0.00,0.00,-0.00
896,1.62,-15.00,-15.00,-15.00,0.00,0.00,0.00,-0.00
897,1.68,-15.00,-15.00,-15.00,0.00,0.00,0.00,-0.00
898,1.74,-15.00,-15.00,-15.00,0.00,0.00,0.00,-0.00
899,1.79,-15.00,-15.00,-15.00,0.00,0.00,0.00,-0.00
900,1.85,-15.00,-15.00,-15.00,0.00,0.00,0.00,-0.00
901,1.90,-15.00,-15.00,-15.00,0.00,0.00,0.00,-0.00
902,1.94,-15.00,-15.00,-15.00,0.00,0.00,0.00,-0.00
903,2.00,-15.00,-15.00,-15.00,0.00,0.00,0.00,-0.00
904,2.02,-15.00,-15.00,-15.00,0.00,0.00,0.00,-0.00
905,2.08,-15.00,-15.00,-15.00,0.00,0.00,0.00,-0.00
906,2.14,-15.00,-15.00,-15.00,0.00,0.00,0.00,-0.00
907,2.18,-15.00,-15.00,-15.00,0.00,0.00,0.00,-0.00
908,2.20,-15.00,-15.00,-15.00,0.00,0.00,0.00,-0.00
909,2.23,-15.00,-15.00,-15.00,0.00,0.00,0.00,-0.00
910,2.25,-15.00,-15.00,-15.00,0.00,0.00,0.00,-0.00
911,2.29,-15.00,-15.00,-15.00,0.00,0.00,0.00,-0.00
912,2.32,-15.00,-15.00,-15.00,0.00,0.00,0.00,-0.00
913,2.34,-15.00,-15.00,-15.00,0.00,0.00,0.00,-0.00
914,2.36,-15.00,-15.00,-15.00,0.00,0.00,0.00,-0.00
915,2.39,-15.00,-11.00,-19.00,0.00,5.66,3.85,-4.14
916,2.42,-15.00,-15.00,-15.00,0.00,0.00,0.00,-0.00
917,2.44,-14.00,-10.00,-15.00,-1.22,3.54,3.21,-1.92
918,2.47,-15.00,-15.00,-11.00,-1.63,-2.83,-0.47,3.23
919,2.50,-15.00,-15.00,-15.00,0.00,0.00,0.00,-0.00
920,2.52,-19.00,-14.00,-10.00,-5.71,-2.83,2.97,5.64
921,2.58,-19.00,-14.00,-10.00,-5.71,-2.83,3.31,5.45
922,2.61,-19.00,-14.00,-10.00,-5.71,-2.83,3.51,5.32
923,2.68,-14.00,-10.00,-15.00,-1.22,3.54,2.68,-2.61
924,2.71,-15.00,-15.00,-15.00,0.00,0.00,0.00,-0.00
925,2.74,-14.00,-10.00,-15.00,-1.22,3.54,2.50,-2.78
926,2.81,-15.00,-11.00,-19.00,0.00,5.66,1.84,-5.35
927,2.86,-15.00,-15.00,-15.00,0.00,0.00,0.00,-0.00
928,2.90,-15.00,-11.00,-19.00,0.00,5.66,1.34,-5.50
929,2.93,-15.00,-15.00,-15.00,0.00,0.00,0.00,-0.00
930,2.98,-19.00,-14.00,-10.00,-5.71,-2.83,5.17,3.73
931,3.01,-15.00,-11.00,-19.00,0.00,5.66,0.73,-5.61
932,3.06,-15.00,-15.00,-15.00,0.00,0.00,0.00,-0.00
933,3.10,-15.00,-11.00,-19.00,0.00,5.66,0.24,-5.65
934,3.12,-15.00,-15.00,-15.00,0.00,0.00,0.00,-0.00
935,3.17,-15.00,-11.00,-19.00,0.00,5.66,-0.17,-5.65
936,3.20,-15.00,-15.00,-15.00,0.00,0.00,-0.00,0.00
937,3.23,-11.00,-19.00,-14.00,4.49,-3.54,-4.17,3.91
938,3.27,-19.00,-14.00,-10.00,-5.71,-2.83,6.03,2.07
939,3.31,-15.00,-11.00,-19.00,0.00,5.66,-0.97,-5.57
940,3.34,-15.00,-15.00,-15.00,0.00,0.00,-0.00,0.00
941,3.36,-11.00,-19.00,-14.00,4.49,-3.54,-3.61,4.43
942,3.36,-14.00,-10.00,-15.00,-1.22,3.54,0.42,-3.72
943,3.42,-15.00,-15.00,-15.00,0.00,0.00,-0.00,0.00
944,3.41,-15.00,-11.00,-19.00,0.00,5.66,-1.51,-5.45
945,3.44,-15.00,-15.00,-15.00,0.00,0.00,-0.00,0.00
946,3.48,-14.00,-10.00,-15.00,-1.22,3.54,-0.02,-3.74
947,3.49,-15.00,-15.00,-11.00,-1.63,-2.83,2.49,2.11
948,3.53,-14.00,-10.00,-15.00,-1.22,3.54,-0.20,-3.74
949,3.55,-15.00,-11.00,-19.00,0.00,5.66,-2.26,-5.19
950,3.62,-15.00,-15.00,-15.00,0.00,0.00,-0.00,0.00
951,3.64,-19.00,-14.00,-10.00,-5.71,-2.83,6.37,-0.24
952,3.66,-14.00,-10.00,-15.00,-1.22,3.54,-0.70,-3.68
953,3.72,-11.00,-19.00,-14.00,4.49,-3.54,-1.80,5.42
954,3.82,-15.00,-15.00,-15.00,0.00,0.00,-0.00,0.00
955,3.85,-14.00,-10.00,-15.00,-1.22,3.54,-1.36,-3.49
956,3.90,-11.00,-19.00,-14.00,4.49,-3.54,-0.81,5.66
957,3.97,-10.00,-15.00,-15.00,4.08,0.00,-2.76,3.01
958,4.01,-15.00,-15.00,-15.00,0.00,0.00,-0.00,0.00
959,4.06,-11.00,-19.00,-14.00,4.49,-3.54,0.06,5.71
960,4.12,-19.00,-14.00,-10.00,-5.71,-2.83,5.53,-3.18
961,4.18,-15.00,-15.00,-15.00,0.00,0.00,-0.00,0.00
962,4.22,-19.00,-14.00,-10.00,-5.71,-2.83,5.19,-3.71
963,4.30,-14.00,-10.00,-15.00,-1.22,3.54,-2.74,-2.55
964,4.33,-19.00,-14.00,-10.00,-5.71,-2.83,4.75,-4.26
965,4.38,-15.00,-15.00,-15.00,0.00,0.00,-0.00,0.00
966,4.40,-14.00,-10.00,-15.00,-1.22,3.54,-2.99,-2.25
967,4.45,-19.00,-14.00,-10.00,-5.71,-2.83,4.22,-4.78
968,4.47,-14.00,-10.00,-15.00,-1.22,3.54,-3.13,-2.05
969,4.49,-15.00,-11.00,-19.00,0.00,5.66,-5.52,-1.24
970,4.50,-15.00,-15.00,-15.00,0.00,0.00,-0.00,0.00
971,4.54,-11.00,-19.00,-14.00,4.49,-3.54,2.72,5.03
972,4.54,-19.00,-14.00,-10.00,-5.71,-2.83,3.76,-5.15
973,4.56,-10.00,-15.00,-15.00,4.08,0.00,-0.62,4.03
974,4.57,-15.00,-15.00,-15.00,0.00,0.00,-0.00,0.00
975,4.60,-19.00,-14.00,-10.00,-5.71,-2.83,3.47,-5.35
976,4.61,-14.00,-10.00,-15.00,-1.22,3.54,-3.40,-1.57
977,4.66,-15.00,-11.00,-19.00,0.00,5.66,-5.65,-0.31
978,4.69,-15.00,-15.00,-15.00,0.00,0.00,-0.00,0.00
979,4.70,-19.00,-14.00,-10.00,-5.71,-2.83,2.90,-5.68
980,4.75,-19.00,-14.00,-10.00,-5.71,-2.83,2.62,-5.82
981,4.80,-19.00,-14.00,-10.00,-5.71,-2.83,2.33,-5.94
982,4.85,-19.00,-14.00,-10.00,-5.71,-2.83,2.03,-6.04
983,4.89,-14.00,-10.00,-15.00,-1.22,3.54,-3.70,-0.58
984,4.96,-11.00,-19.00,-14.00,4.49,-3.54,4.52,3.50
985,5.02,-14.00,-10.00,-15.00,-1.22,3.54,-3.74,-0.10
986,5.10,-15.00,-11.00,-19.00,0.00,5.66,-5.24,2.13
987,5.18,-15.00,-15.00,-15.00,0.00,0.00,0.00,0.00
988,5.24,-14.00,-10.00,-15.00,-1.22,3.54,-3.67,0.72
989,5.31,-11.00,-19.00,-14.00,4.49,-3.54,5.46,1.70
990,5.37,-10.00,-15.00,-15.00,4.08,0.00,2.49,3.23
991,5.42,-15.00,-15.00,-15.00,0.00,0.00,0.00,0.00
992,5.49,-11.00,-19.00,-14.00,4.49,-3.54,5.67,0.71
993,5.54,-10.00,-15.00,-15.00,4.08,0.00,3.01,2.76
994,5.60,-15.00,-15.00,-15.00,0.00,0.00,0.00,0.00
995,5.68,-11.00,-19.00,-14.00,4.49,-3.54,5.70,-0.38
996,5.75,-10.00,-15.00,-15.00,4.08,0.00,3.51,2.08
997,5.80,-15.00,-15.00,-15.00,0.00,0.00,0.00,0.00
998,5.87,-19.00,-14.00,-10.00,-5.71,-2.83,-4.08,-4.90
999,5.95,-14.00,-10.00,-15.00,-1.22,3.54,-2.33,2.93
1000,6.00,-15.00,-15.00,-11.00,-1.63,-2.83,-0.78,-3.17
1001,6.07,-15.00,-15.00,-15.00,0.00,0.00,0.00,0.00
1002,6.13,-15.00,-15.00,-11.00,-1.63,-2.83,-1.18,-3.04
1003,6.20,-14.00,-10.00,-15.00,-1.22,3.54,-1.52,3.42
1004,6.25,-15.00,-15.00,-11.00,-1.63,-2.83,-1.55,-2.88
1005,0.04,-14.00,-10.00,-15.00,-1.22,3.54,-1.07,3.58
1006,0.09,-15.00,-15.00,-15.00,0.00,0.00,0.00,0.00
1007,0.12,-15.00,-15.00,-15.00,0.00,0.00,0.00,0.00
1008,0.16,-15.00,-15.00,-15.00,0.00,0.00,0.00,0.00
1009,0.20,-15.00,-15.00,-15.00,0.00,0.00,0.00,0.00
1010,0.23,-15.00,-15.00,-15.00,0.00,0.00,0.00,0.00
1011,0.26,-15.00,-15.00,-15.00,0.00,0.00,0.00,0.00
1012,0.28,-15.00,-15.00,-15.00,0.00,0.00,0.00,0.00
1013,0.34,-15.00,-15.00,-15.00,0.00,0.00,0.00,0.00
1014,0.38,-15.00,-15.00,-15.00,0.00,0.00,0.00,0.00
1015,0.40,-15.00,-15.00,-15.00,0.00,0.00,0.00,0.00
1016,0.47,-15.00,-15.00,-15.00,0.00,0.00,0.00,0.00
1017,0.50,-15.00,-15.00,-15.00,0.00,0.00,0.00,0.00
1018,0.53,-15.00,-15.00,-15.00,0.00,0.00,0.00,0.00
1019,0.58,-15.00,-15.00,-15.00,0.00,0.00,0.00,0.00
1020,0.62,-15.00,-15.00,-15.00,0.00,0.00,0.00,0.00
1021,0.70,-15.00,-15.00,-15.00,0.00,0.00,0.00,0.00
1022,0.74,-15.00,-15.00,-15.00,0.00,0.00,0.00,0.00

