a,b,c,alpha,beta,Id,Iq,theta
-485,-90,573,485,-382,55,-304,1900
-509,-77,572,509,-374,74,-307,1844
-527,-56,569,527,-360,81,-309,1858
-534,-38,571,534,-351,98,-304,1760
-542,-31,562,542,-342,115,-299,1690
-558,-16,557,558,-330,129,-298,1662
-562,-7,561,562,-327,142,-293,1564
-566,1,565,566,-325,145,-293,1536
-570,-2,556,570,-322,154,-289,1480
-569,5,562,569,-321,158,-286,1466
-573,6,570,573,-325,172,-281,1340
-584,12,564,584,-318,189,-274,1242
-587,18,557,587,-311,192,-271,1242
-581,19,560,581,-312,192,-268,1186
-590,20,559,590,-311,206,-262,1088
-586,27,543,586,-297,207,-255,1088
-579,35,540,579,-291,217,-240,990
-584,45,531,584,-280,227,-231,920
-588,52,514,588,-266,234,-222,878
-581,70,508,581,-252,241,-205,794
-579,80,500,579,-242,244,-197,738
-581,90,485,581,-228,251,-185,682
-580,98,476,580,-218,256,-174,612
-583,110,465,583,-204,264,-161,570
-579,119,448,579,-189,267,-146,500
-574,134,437,574,-174,271,-129,402
-580,150,424,580,-158,275,-121,402
-578,157,408,578,-144,278,-107,346
-575,188,399,575,-121,280,-89,276
-577,183,394,577,-121,284,-79,178
-574,201,377,574,-101,283,-68,164
-584,207,357,584,-86,290,-54,108
-584,225,353,584,-73,292,-37,24
-582,244,340,582,-55,291,-24,16366
-590,254,321,590,-38,295,-12,16324
-591,273,313,591,-23,295,6,16254
-593,292,303,593,-6,295,22,16170
-601,306,287,601,10,298,38,16100
-603,324,268,603,32,296,56,16044
-603,346,251,603,54,294,70,16030
-604,359,248,604,64,292,83,15946
-601,365,229,601,78,285,100,15862
-607,382,219,607,94,287,108,15848
-609,400,209,609,110,283,123,15778
-612,412,199,612,122,282,133,15750
-614,414,188,614,130,278,144,15694
-612,428,181,612,142,270,160,15610
-609,445,167,609,160,261,174,15540
-617,455,153,617,174,261,185,15498
-614,463,137,614,188,252,198,15442
-607,475,126,607,201,244,206,15400
-608,486,124,608,208,238,215,15344
-609,486,105,609,219,231,226,15288
-605,501,95,605,234,220,237,15204
-598,516,86,598,248,208,247,15148
-601,522,66,601,263,199,260,15078
-599,534,51,599,278,188,270,15022
-589,549,38,589,295,173,280,14966
-586,553,28,586,303,166,284,14924
-589,558,18,589,311,154,294,14826
-579,557,12,579,314,142,296,14770
-568,557,6,568,318,133,296,14728
-565,561,8,565,319,124,299,14658
-568,557,2,568,320,114,305,14574
-554,550,-11,554,323,107,301,14588
-542,518,-7,542,303,99,294,14476
-535,545,-9,535,319,76,301,14364
-517,517,-22,517,311,69,293,14322
-506,531,-40,506,329,62,295,14336
-497,531,-44,497,331,44,295,14224
-481,535,-50,481,337,29,292,14168
-469,528,-72,469,346,18,290,14126
-444,532,-88,444,357,-5,284,14042
-424,531,-106,424,367,-18,279,14000
-410,532,-127,410,380,-31,277,13958
-394,528,-145,394,388,-46,272,13888
-387,532,-163,387,401,-56,272,13860
-360,538,-175,360,411,-75,262,13818
-346,539,-194,346,423,-93,257,13720
-332,541,-218,332,438,-106,253,13692
-314,550,-234,314,452,-120,247,13650
-304,556,-248,304,464,-133,243,13580
-293,553,-273,293,476,-144,239,13552
-278,564,-285,278,490,-160,232,13482
-261,570,-303,261,504,-173,225,13454
-253,565,-324,253,513,-186,217,13370
-231,574,-342,231,528,-198,210,13356
-217,578,-354,217,538,-210,200,13286
-206,575,-378,206,550,-222,192,13230
-186,581,-398,186,565,-235,182,13202
-173,591,-412,173,579,-248,172,13132
-165,592,-442,165,596,-260,168,13104
-146,593,-455,146,605,-269,157,13076
-126,603,-467,126,617,-279,146,13034
-115,601,-477,115,622,-285,138,13006
-107,594,-495,107,628,-294,124,12908
-81,598,-516,81,643,-305,109,12866
-59,603,-535,59,657,-317,93,12810
-44,597,-541,44,657,-320,77,12740
-30,586,-560,30,661,-324,71,12740
-11,587,-573,11,669,-331,54,12684
-5,593,-574,5,673,-334,43,12628
-9,603,-578,9,681,-338,41,12600
-6,589,-584,6,677,-338,27,12488
0,592,-587,0,680,-340,16,12446
11,592,-587,-11,680,-340,11,12418
2,584,-591,-2,678,-339,11,12404
5,587,-591,-5,680,-340,-7,12278
18,585,-592,-18,679,-340,-14,12278
14,582,-595,-14,679,-339,-24,12180
18,578,-594,-18,676,-337,-34,12124
25,577,-589,-25,673,-334,-46,12054
29,562,-591,-29,665,-329,-56,11998
31,554,-590,-31,660,-325,-64,11928
59,544,-584,-59,651,-318,-77,11914
56,529,-588,-56,644,-312,-87,11830
67,526,-585,-67,641,-306,-103,11718
87,514,-582,-87,632,-298,-116,11704
93,494,-592,-93,626,-293,-122,11676
104,489,-583,-104,618,-284,-133,11592
115,480,-582,-115,613,-275,-148,11508
131,468,-579,-131,604,-269,-154,11494
132,454,-578,-132,595,-254,-169,11354
154,440,-582,-154,590,-246,-182,11326
173,423,-577,-173,577,-232,-194,11256
182,402,-578,-182,565,-222,-198,11228
201,390,-580,-201,560,-211,-211,11144
216,376,-581,-216,552,-196,-223,11060
232,364,-591,-232,551,-192,-230,11046
241,347,-590,-241,540,-179,-236,10976
255,343,-589,-255,538,-169,-246,10920
273,328,-583,-273,525,-152,-254,10864
280,313,-591,-280,521,-149,-256,10850
297,304,-596,-297,519,-130,-270,10738
319,294,-596,-319,513,-118,-279,10710
334,281,-594,-334,505,-107,-284,10668
342,265,-603,-342,501,-96,-288,10612
358,257,-609,-358,499,-83,-296,10528
380,248,-607,-380,493,-67,-305,10472
391,250,-613,-391,498,-58,-312,10402
408,214,-613,-408,477,-36,-312,10346
441,198,-616,-441,469,-14,-322,10290
438,190,-613,-438,463,-9,-319,10248
449,176,-620,-449,459,4,-322,10206
464,169,-615,-464,452,20,-324,10136
468,156,-614,-468,444,28,-322,10108
482,145,-619,-482,441,46,-324,9996
500,134,-612,-500,430,52,-326,10024
505,123,-608,-505,422,73,-321,9912
511,108,-613,-511,416,85,-319,9842
539,96,-604,-539,404,104,-321,9800
541,83,-602,-541,395,115,-315,9758
543,69,-602,-543,387,125,-309,9674
554,60,-598,-554,379,136,-307,9660
564,50,-592,-564,370,146,-304,9604
566,41,-592,-566,365,159,-297,9506
582,26,-589,-582,355,176,-292,9450
592,18,-591,-592,351,185,-290,9422
588,8,-587,-588,343,195,-279,9338
591,9,-588,-591,344,200,-277,9282
591,8,-578,-591,338,208,-270,9226
585,3,-567,-585,329,213,-259,9156
582,-8,-570,-582,324,216,-254,9128
584,-7,-562,-584,320,224,-247,9086
579,-10,-545,-579,308,232,-232,8988
564,-18,-535,-564,298,229,-222,8932
565,-15,-536,-565,300,237,-215,8848
564,-26,-530,-564,290,243,-204,8778
555,-46,-503,-555,263,246,-184,8708
554,-65,-480,-554,239,250,-169,8680
551,-75,-455,-551,219,256,-149,8582
548,-96,-433,-548,194,258,-133,8554
545,-115,-421,-545,176,262,-115,8470
549,-133,-400,-549,154,266,-101,8428
546,-158,-377,-546,126,267,-83,8386
546,-174,-365,-546,110,270,-66,8316
552,-186,-346,-552,92,274,-53,8274
548,-207,-331,-548,71,274,-33,8190
556,-233,-320,-556,50,278,-19,8148
561,-242,-305,-561,36,281,-5,8092
566,-260,-284,-566,13,282,7,8064
569,-281,-283,-569,1,283,23,7994
576,-298,-269,-576,-16,285,36,7952
584,-310,-252,-584,-33,287,52,7882
583,-330,-238,-583,-53,285,65,7854
587,-358,-224,-587,-77,283,84,7784
595,-371,-208,-595,-94,283,100,7728
589,-401,-192,-589,-120,278,112,7714
600,-411,-180,-600,-133,279,127,7658
604,-424,-164,-604,-150,274,146,7560
603,-450,-143,-603,-177,270,159,7574
603,-470,-134,-603,-193,264,173,7518
608,-475,-117,-608,-206,265,180,7490
606,-484,-106,-606,-218,258,192,7448
602,-500,-102,-602,-229,249,203,7378
607,-513,-75,-607,-252,240,223,7294
605,-534,-51,-605,-278,235,235,7266
593,-545,-43,-593,-289,221,244,7224
599,-559,-24,-599,-308,214,259,7154
598,-573,-5,-598,-327,210,268,7140
599,-574,-2,-599,-330,200,277,7056
596,-586,-1,-596,-337,186,286,6972
597,-590,0,-597,-340,186,288,6958
601,-587,13,-601,-346,179,296,6888
596,-601,5,-596,-349,165,302,6804
599,-602,15,-599,-356,165,306,6790
603,-602,17,-603,-357,155,314,6706
593,-603,24,-593,-361,146,314,6678
592,-602,19,-592,-358,138,316,6594
590,-595,26,-590,-358,126,321,6524
574,-597,35,-574,-364,114,320,6482
570,-595,37,-570,-364,100,322,6398
561,-592,49,-561,-370,95,322,6384
550,-631,53,-550,-394,71,330,6286
542,-595,60,-542,-378,69,322,6258
533,-602,75,-533,-390,50,326,6174
524,-587,84,-524,-387,40,323,6104
503,-592,98,-503,-398,25,319,6062
492,-592,112,-492,-406,14,318,6020
487,-588,125,-487,-411,-1,318,5936
467,-594,135,-467,-420,-15,313,5908
458,-594,144,-458,-426,-28,311,5838
447,-594,157,-447,-433,-41,308,5782
437,-592,174,-437,-442,-52,306,5740
406,-600,183,-406,-452,-76,294,5642
408,-601,201,-408,-463,-83,297,5600
392,-614,219,-392,-480,-102,292,5558
385,-600,236,-385,-482,-112,287,5488
364,-609,247,-364,-494,-126,280,5460
356,-613,260,-356,-504,-139,275,5376
346,-612,281,-346,-515,-153,270,5334
334,-612,297,-334,-524,-163,264,5292
316,-624,307,-316,-537,-179,255,5222
308,-621,324,-308,-545,-187,251,5194
307,-624,343,-307,-558,-203,246,5110
281,-631,354,-281,-568,-212,235,5096
265,-634,367,-265,-577,-222,227,5082
264,-633,374,-264,-581,-230,222,4998
256,-631,390,-256,-589,-240,213,4928
237,-635,414,-237,-605,-258,198,4844
225,-639,418,-225,-610,-264,189,4816
215,-638,423,-215,-612,-269,181,4774
199,-638,445,-199,-625,-282,169,4704
192,-643,448,-192,-629,-286,162,4676
185,-637,457,-185,-631,-294,148,4606
172,-634,472,-172,-638,-300,139,4550
156,-633,484,-156,-644,-308,124,4494
142,-631,490,-142,-647,-311,113,4466
133,-628,499,-133,-650,-316,101,4396
124,-623,512,-124,-655,-320,93,4354
107,-628,520,-107,-662,-328,73,4256
97,-621,527,-97,-662,-329,60,4214
88,-636,541,-88,-679,-339,52,4172
69,-619,546,-69,-672,-337,34,4116
60,-616,554,-60,-675,-339,17,4018
47,-602,563,-47,-672,-337,15,4046
30,-610,572,-30,-682,-342,-11,3920
19,-597,576,-19,-677,-339,-20,3892
11,-584,580,-11,-672,-335,-28,3850
4,-589,577,-4,-673,-334,-48,3738
0,-575,579,0,-666,-330,-49,3724
26,-569,579,-26,-662,-329,-44,3654
-10,-564,565,10,-651,-319,-69,3584
-5,-551,560,5,-641,-312,-77,3500
-11,-539,562,11,-635,-307,-83,3472
-19,-541,548,19,-628,-301,-93,3402
-27,-524,551,27,-620,-294,-100,3388
-30,-515,549,30,-614,-289,-108,3318
-43,-508,553,43,-612,-284,-117,3276
-62,-495,549,62,-602,-275,-128,3234
-72,-481,549,72,-594,-265,-141,3150
-87,-460,552,87,-584,-250,-159,3024
-123,-432,550,123,-566,-232,-174,2996
-147,-410,546,147,-551,-220,-182,2982
-161,-392,549,161,-543,-212,-189,2954
-174,-381,556,174,-540,-203,-200,2884
-192,-371,563,192,-539,-193,-212,2842
-209,-359,558,209,-529,-185,-217,2828
-219,-349,565,219,-527,-173,-228,2744
-236,-331,569,236,-519,-162,-235,2716
-255,-320,577,255,-517,-154,-245,2660
-271,-314,573,271,-512,-141,-254,2604
-281,-298,578,281,-505,-129,-259,2548
-300,-281,583,300,-498,-118,-267,2520
-320,-275,583,320,-495,-107,-275,2464
-329,-262,583,329,-487,-98,-278,2436
-341,-250,587,341,-483,-83,-285,2366
-368,-256,601,368,-494,-75,-299,2324
-381,-221,589,381,-467,-53,-297,2254
-398,-201,594,398,-458,-37,-302,2198
-422,-182,596,422,-449,-25,-308,2184
-440,-164,594,440,-437,-11,-310,2156
-452,-149,601,452,-433,-1,-313,2114
-471,-144,598,471,-428,19,-318,2044
-484,-127,596,484,-417,27,-319,2030
-495,-109,598,495,-408,42,-318,1960
-510,-91,597,510,-397,55,-319,1932
-528,-81,592,528,-388,69,-321,1890
-542,-63,592,542,-378,85,-320,1834
-550,-46,590,550,-367,96,-317,1820
-555,-40,582,555,-359,108,-313,1736
-568,-25,576,568,-346,125,-309,1680
-578,-10,579,578,-340,134,-308,1652
-577,-2,586,577,-339,142,-303,1596
-590,-6,583,590,-340,154,-304,1526
-593,0,578,593,-333,165,-298,1470
-591,8,583,591,-331,171,-292,1400
-603,7,581,603,-331,177,-295,1400
-601,7,580,601,-330,187,-288,1288
-602,17,579,602,-324,192,-283,1260
-606,18,583,606,-326,200,-280,1204
-606,15,575,606,-323,204,-276,1162
-604,23,573,604,-317,215,-265,1078
-605,32,565,605,-307,223,-255,1022
-606,39,550,606,-295,229,-247,966
-601,52,539,601,-281,229,-240,966
-599,55,538,599,-278,237,-229,868
-604,65,532,604,-269,249,-217,784
-604,74,511,604,-252,259,-199,700
-602,94,496,602,-232,261,-189,700
-601,108,491,601,-221,264,-181,658
-606,111,483,606,-214,274,-168,574
-602,121,479,602,-206,277,-157,504
-602,139,459,602,-184,280,-143,462
-604,150,450,604,-173,286,-130,406
-607,157,431,607,-158,292,-112,308
-602,180,416,602,-136,294,-94,252
-601,199,404,601,-118,294,-85,252
-605,209,396,605,-107,297,-76,196
-608,213,380,608,-96,302,-60,126
-603,232,370,603,-79,300,-44,42
-611,250,353,611,-59,305,-34,42
-614,261,337,614,-43,307,-14,16328
-613,279,326,613,-27,306,-3,16300
-614,296,315,614,-10,306,13,16244
-626,305,308,626,-1,312,22,16216
-623,317,293,623,13,309,33,16174
-622,330,287,622,24,306,53,16062
-622,349,273,622,43,304,66,16020
-630,364,257,630,61,306,80,15992
-633,370,246,633,71,305,89,15950
-627,379,238,627,81,299,100,15880
-630,400,227,630,99,295,120,15782
-629,416,211,629,118,289,137,15740
-629,429,193,629,136,288,142,15754
-630,439,182,630,148,283,155,15698
-631,445,185,631,150,280,163,15642
-631,446,170,631,159,272,177,15530
-628,465,154,628,179,267,186,15530
-620,475,144,620,191,254,200,15432
-626,483,130,626,203,250,213,15390
-622,498,115,622,221,236,229,15292
-617,515,100,617,239,230,237,15292
-622,522,91,622,248,225,247,15222
-617,533,77,617,263,216,256,15194
-611,541,76,611,268,203,264,15082
-616,543,59,616,279,195,275,15012
-606,558,38,606,300,186,282,15012
-600,565,31,600,308,174,288,14956
-602,570,23,602,315,159,300,14844
-593,568,11,593,321,146,303,14774
-582,572,6,582,326,132,305,14718
-578,570,7,578,325,127,305,14676
-583,575,0,583,331,124,311,14648
-577,571,-2,577,330,114,312,14578
-558,567,-9,558,332,102,307,14536
-563,558,-5,563,325,95,310,14452
-558,554,-15,558,328,88,311,14410
-543,553,-20,543,330,67,310,14298
-522,555,-35,522,340,56,306,14298
-507,552,-46,507,345,42,303,14228
-498,546,-63,498,351,33,302,14200
-481,552,-71,481,359,21,299,14144
-469,552,-79,469,364,4,296,14060
-451,548,-110,451,379,-18,294,13976
-424,555,-136,424,398,-38,288,13948
-400,560,-156,400,413,-51,283,13948
-394,553,-173,394,419,-62,280,13878
-375,558,-190,375,431,-79,274,13822
-358,562,-206,358,443,-92,269,13766
-348,570,-218,348,454,-109,264,13682
-334,567,-249,334,471,-120,262,13682
-324,575,-260,324,482,-127,261,13668
-318,580,-268,318,489,-138,257,13612
-309,586,-276,309,497,-150,251,13556
-299,582,-294,299,505,-159,247,13514
-286,590,-310,286,519,-174,240,13444
-262,596,-332,262,535,-195,225,13374
-249,592,-348,249,542,-198,223,13402
-237,596,-364,237,554,-211,215,13318
-222,602,-373,222,562,-220,207,13304
-209,605,-388,209,573,-233,197,13234
-200,601,-407,200,581,-240,192,13206
-185,604,-422,185,592,-255,177,13108
-159,608,-444,159,607,-268,164,13080
-142,613,-463,142,621,-279,154,13038
-126,607,-487,126,631,-288,144,13010
-111,606,-497,111,636,-290,141,13024
-102,626,-522,102,662,-312,122,12884
-85,608,-518,85,650,-310,108,12856
-63,605,-544,63,663,-319,95,12828
-45,606,-554,45,669,-324,87,12800
-38,601,-554,38,666,-325,75,12744
-26,591,-567,26,668,-329,61,12702
-12,595,-581,12,678,-337,43,12604
-2,603,-589,2,688,-343,30,12534
-3,602,-590,3,688,-344,22,12478
0,610,-603,0,700,-350,21,12464
6,604,-603,-6,696,-348,9,12394
17,601,-610,-17,699,-350,4,12394
12,607,-605,-12,699,-350,-7,12296
4,600,-611,-4,699,-350,-11,12240
18,598,-613,-18,699,-349,-27,12184
27,595,-608,-27,694,-346,-35,12156
22,585,-604,-22,686,-342,-37,12100
32,577,-610,-32,685,-340,-50,12044
42,574,-605,-42,680,-335,-63,11988
45,565,-601,-45,673,-329,-76,11876
53,548,-606,-53,666,-323,-88,11820
76,534,-603,-76,656,-316,-98,11834
85,529,-603,-85,653,-311,-110,11764
83,516,-601,-83,644,-304,-115,11708
93,510,-603,-93,642,-299,-127,11624
112,498,-600,-112,633,-289,-142,11568
129,488,-601,-129,628,-278,-160,11484
137,467,-600,-137,616,-267,-169,11400
157,450,-602,-157,607,-260,-177,11400
169,443,-598,-169,601,-250,-188,11330
178,435,-598,-178,596,-244,-194,11302
188,420,-605,-188,591,-233,-206,11204
202,405,-600,-202,580,-219,-216,11162
220,395,-599,-220,573,-210,-225,11120
228,378,-599,-228,564,-198,-232,11050
244,364,-594,-244,553,-181,-243,10952
262,346,-603,-262,547,-177,-247,10994
280,335,-600,-280,539,-153,-263,10840
292,320,-605,-292,534,-148,-267,10826
313,311,-610,-313,531,-138,-276,10784
326,303,-608,-326,525,-125,-283,10728
333,284,-613,-333,517,-116,-285,10714
348,280,-614,-348,516,-100,-295,10602
368,266,-613,-368,507,-87,-302,10574
379,253,-617,-379,502,-74,-306,10504
391,237,-623,-391,496,-64,-310,10476
408,242,-625,-408,500,-53,-319,10420
418,221,-623,-418,487,-41,-319,10392
427,204,-624,-427,478,-26,-320,10308
440,200,-626,-440,476,-9,-324,10210
463,186,-620,-463,465,11,-328,10168
461,164,-626,-461,456,17,-324,10126
484,154,-620,-484,446,33,-328,10084
493,144,-617,-493,439,47,-327,10028
497,130,-619,-497,432,55,-325,10000
510,122,-619,-510,427,73,-325,9916
524,112,-612,-524,417,82,-325,9902
500,103,-611,-500,412,85,-313,9818
533,89,-613,-533,405,109,-317,9748
532,78,-607,-532,395,115,-311,9706
549,70,-601,-549,387,135,-308,9622
559,50,-604,-559,377,146,-304,9594
573,41,-598,-573,368,162,-300,9510
585,30,-591,-585,358,173,-296,9482
589,22,-588,-589,352,187,-288,9384
588,7,-593,-588,346,195,-280,9342
592,9,-584,-592,342,204,-274,9272
593,6,-574,-593,334,210,-268,9216
585,-3,-572,-585,328,217,-256,9146
588,-4,-567,-588,325,222,-253,9118
586,-3,-564,-586,323,227,-246,9034
574,-13,-543,-574,305,233,-227,8950
570,-15,-539,-570,302,237,-219,8894
577,-16,-538,-577,301,243,-217,8852
567,-29,-516,-567,281,245,-200,8782
563,-51,-505,-563,262,248,-187,8740
562,-60,-488,-562,247,259,-164,8600
563,-86,-457,-563,214,260,-151,8628
554,-105,-438,-554,192,261,-133,8572
554,-116,-432,-554,182,263,-125,8516
558,-126,-410,-558,163,272,-102,8404
554,-151,-384,-554,134,272,-84,8376
550,-175,-374,-550,114,272,-68,8306
556,-192,-338,-556,84,276,-49,8278
560,-209,-333,-560,71,279,-39,8236
559,-224,-320,-559,55,279,-28,8194
561,-244,-312,-561,39,281,-6,8082
571,-262,-296,-571,19,285,4,8082
573,-279,-281,-573,1,285,20,8012
578,-300,-276,-578,-13,287,31,7970
584,-314,-264,-584,-28,289,39,7970
592,-321,-254,-592,-38,291,55,7872
594,-336,-237,-594,-57,289,71,7830
595,-363,-229,-595,-77,286,88,7774
634,-384,-209,-634,-101,302,107,7718
607,-403,-187,-607,-124,284,123,7662
602,-425,-166,-602,-149,279,135,7662
610,-444,-162,-610,-162,274,156,7536
615,-462,-139,-615,-186,273,168,7522
616,-478,-120,-616,-206,269,181,7494
614,-495,-110,-614,-222,261,195,7438
616,-507,-97,-616,-236,255,208,7382
619,-522,-73,-619,-259,247,226,7326
608,-541,-64,-608,-275,239,231,7326
605,-541,-53,-605,-281,234,237,7270
604,-542,-39,-604,-290,223,249,7186
599,-568,-28,-599,-311,214,260,7144
600,-580,-6,-600,-331,203,275,7088
603,-584,1,-603,-337,200,281,7046
601,-589,-1,-601,-339,192,286,7004
601,-596,-2,-601,-342,187,290,6948
601,-595,-10,-601,-337,182,292,6906
601,-594,13,-601,-350,167,304,6808
595,-607,16,-595,-359,159,308,6780
600,-607,18,-600,-360,153,314,6710
604,-605,23,-604,-362,146,320,6640
596,-603,28,-596,-364,134,322,6584
588,-606,26,-588,-364,127,321,6528
590,-600,35,-590,-366,119,325,6472
572,-607,37,-572,-371,103,324,6416
564,-601,47,-564,-374,99,323,6402
560,-597,50,-560,-373,86,325,6318
554,-598,64,-554,-382,68,329,6234
533,-602,71,-533,-388,55,324,6178
523,-595,88,-523,-394,41,324,6136
513,-593,99,-513,-399,28,323,6052
494,-598,107,-494,-407,7,319,5982
484,-594,125,-484,-415,-3,318,5926
467,-592,143,-467,-424,-16,314,5898
450,-603,150,-450,-434,-26,311,5898
451,-598,155,-451,-434,-37,310,5814
455,-594,164,-455,-437,-44,312,5744
426,-595,180,-426,-447,-64,302,5674
413,-597,188,-413,-453,-78,296,5618
402,-594,209,-402,-463,-89,293,5576
384,-595,225,-384,-473,-108,284,5492
372,-605,235,-372,-484,-123,279,5436
356,-602,252,-356,-493,-134,273,5394
346,-604,276,-346,-508,-150,268,5338
325,-613,291,-325,-521,-163,260,5282
308,-613,304,-308,-529,-171,254,5282
317,-616,320,-317,-540,-186,252,5170
298,-622,324,-298,-546,-199,239,5114
288,-625,345,-288,-560,-210,235,5086
274,-623,366,-274,-570,-220,227,5030
257,-633,373,-257,-580,-233,215,4974
246,-632,382,-246,-585,-240,208,4946
241,-631,403,-241,-596,-251,201,4876
225,-637,410,-225,-604,-262,188,4806
213,-638,426,-213,-614,-270,181,4778
206,-632,438,-206,-617,-279,168,4694
187,-637,456,-187,-631,-292,153,4638
178,-640,460,-178,-635,-298,141,4568
164,-633,477,-164,-640,-300,139,4582
157,-629,485,-157,-643,-309,121,4470
141,-636,515,-141,-664,-321,110,4428
130,-628,503,-130,-652,-317,100,4386
125,-613,515,-125,-651,-318,94,4358
107,-630,518,-107,-662,-328,73,4274
96,-607,529,-96,-655,-324,71,4302
98,-621,539,-98,-669,-334,57,4190
82,-629,537,-82,-673,-337,40,4106
67,-620,556,-67,-678,-340,29,4078
58,-613,567,-58,-681,-342,16,4008
37,-609,570,-37,-680,-341,1,3994
27,-601,573,-27,-677,-339,-20,3868
16,-586,580,-16,-673,-336,-30,3812
0,-585,578,0,-671,-332,-50,3728
-3,-577,575,3,-665,-327,-63,3644
-7,-559,575,7,-654,-323,-56,3686
1,-563,567,-1,-652,-320,-64,3588
-11,-557,562,11,-646,-315,-73,3560
-8,-553,563,8,-644,-310,-90,3420
-29,-536,560,29,-632,-301,-99,3392
-34,-524,551,34,-620,-292,-107,3350
-42,-508,551,42,-611,-284,-116,3280
-55,-492,551,55,-602,-278,-121,3266
-53,-481,550,53,-595,-272,-126,3210
-77,-471,547,77,-587,-262,-139,3168
-90,-455,551,90,-580,-249,-156,3042
-119,-435,552,119,-569,-236,-170,3014
-138,-417,551,138,-558,-225,-179,3000
-152,-400,553,152,-550,-212,-192,2902
-178,-380,558,178,-541,-207,-197,2958
-188,-377,555,188,-538,-193,-210,2846
-199,-358,561,199,-530,-187,-213,2818
-222,-348,565,222,-527,-175,-227,2762
-233,-340,564,233,-521,-167,-232,2720
-242,-324,569,242,-515,-156,-239,2664
-267,-314,576,267,-513,-143,-252,2622
-282,-301,576,282,-506,-136,-257,2608
-294,-290,583,294,-504,-119,-267,2468
-322,-276,593,322,-501,-109,-278,2468
-332,-261,585,332,-488,-98,-279,2440
-342,-254,587,342,-485,-86,-284,2370
-364,-240,591,364,-479,-74,-292,2342
-383,-223,596,383,-472,-65,-297,2342
-394,-212,602,394,-469,-53,-302,2300
-403,-199,606,403,-464,-37,-306,2188
-426,-188,602,426,-456,-23,-312,2146
-447,-163,600,447,-440,-10,-314,2160
-458,-152,607,458,-438,7,-317,2048
-480,-137,604,480,-427,18,-321,2048
-492,-141,595,492,-424,35,-323,1964
-505,-101,599,505,-404,51,-320,1950
-527,-89,601,527,-398,69,-323,1880
-544,-66,591,544,-379,82,-322,1866
-562,-47,596,562,-371,95,-323,1824
-559,-40,592,559,-364,104,-317,1768
-565,-25,591,565,-355,121,-311,1684
-583,-15,581,583,-344,135,-311,1656
-585,-8,586,585,-342,140,-309,1600
-589,-2,590,589,-341,146,-308,1586
-592,-4,581,592,-337,152,-305,1544
-605,-1,587,605,-339,164,-306,1474
-590,5,584,590,-334,167,-295,1418
-547,2,581,547,-334,155,-281,1348
-604,13,583,604,-329,188,-288,1306
-606,17,585,606,-327,193,-285,1250
-608,20,586,608,-326,205,-278,1166
-607,19,571,607,-318,213,-269,1110
-602,30,568,602,-310,215,-262,1068
-609,34,554,609,-300,227,-253,1012
-599,44,548,599,-290,230,-241,942
-598,59,535,598,-274,238,-227,886
-602,66,527,602,-266,246,-218,802
-602,79,509,602,-248,252,-207,788
-600,88,506,600,-241,257,-197,718
-601,101,498,601,-229,265,-181,620
-599,110,478,599,-212,268,-170,606
-598,129,468,598,-195,276,-151,508
-602,139,453,602,-181,281,-141,466
-599,148,438,599,-167,284,-127,410
-595,164,427,595,-151,286,-112,340
-597,178,417,597,-137,289,-101,298
-600,190,398,600,-120,295,-79,186
-595,210,384,595,-100,293,-69,172
-597,226,369,597,-82,294,-63,200
-602,224,364,602,-80,299,-52,102
-604,237,360,604,-71,301,-40,46
-603,252,349,603,-56,301,-25,16374
-612,267,338,612,-40,306,-9,16290
-615,279,318,615,-22,307,4,16276
-610,296,309,610,-7,304,18,16206
-613,315,302,613,7,304,37,16108
-618,328,276,618,30,304,56,16038
-619,352,257,619,54,303,68,16038
-619,367,251,619,66,300,81,15968
-627,376,242,627,77,301,95,15926
-627,388,225,627,94,296,110,15870
-624,401,221,624,103,294,115,15842
-627,412,214,627,114,291,127,15786
-632,417,201,632,124,291,136,15744
-624,427,194,624,134,280,151,15660
-629,443,183,629,150,279,163,15618
-626,454,170,626,163,271,175,15562
-629,458,157,629,173,266,187,15506
-613,471,145,613,188,254,194,15464
-623,480,140,623,196,252,206,15394
-622,483,124,622,207,242,220,15296
-614,499,109,614,225,235,227,15296
-613,513,103,613,236,220,243,15198
-615,518,80,615,252,211,256,15128
-608,533,67,608,269,201,264,15100
-604,545,57,604,281,193,271,15044
-609,549,41,609,293,182,284,14960
-603,563,22,603,312,171,293,14918
-591,570,21,591,316,157,295,14862
-592,560,4,592,321,149,301,14792
-580,566,6,580,323,140,300,14764
-578,567,10,578,321,129,304,14666
-576,571,2,576,328,118,309,14596
-568,559,-7,568,326,112,307,14582
-555,556,-12,555,327,99,306,14526
-553,556,-7,553,325,91,307,14442
-555,559,21,555,310,90,304,14386
-544,553,-26,544,334,70,311,14330
-525,551,-34,525,337,51,307,14218
-495,551,-59,495,352,39,301,14260
-486,549,-67,486,355,24,299,14148
-473,547,-89,473,367,11,299,14120
-452,550,-99,452,374,-9,293,14036
-440,553,-116,440,386,-21,291,13994
-419,550,-141,419,398,-36,286,13952
-402,550,-155,402,407,-51,281,13910
-382,559,-174,382,423,-67,277,13882
-376,542,-188,376,421,-81,270,13756
-349,557,-218,349,447,-99,265,13742
-335,564,-231,335,458,-114,260,13672
-321,568,-250,321,472,-124,257,13672
-312,571,-265,312,482,-136,252,13602
-300,579,-277,300,494,-151,246,13546
-285,584,-292,285,505,-162,240,13532
-282,581,-308,282,513,-172,237,13448
-264,586,-329,264,528,-183,232,13448
-246,594,-340,246,539,-197,221,13392
-238,595,-353,238,547,-210,212,13308
-269,584,-378,269,555,-211,225,13252
-202,597,-398,202,574,-234,194,13224
-180,602,-414,180,586,-244,186,13224
-179,598,-428,179,592,-253,177,13140
-158,601,-446,158,604,-267,163,13070
-138,607,-462,138,617,-276,155,13056
-123,610,-473,123,625,-284,146,13042
-114,601,-490,114,629,-290,135,12972
-100,600,-500,100,635,-298,122,12902
-76,607,-522,76,651,-310,108,12874
-59,600,-544,59,660,-318,93,12818
-43,596,-554,43,663,-322,81,12776
-33,590,-544,33,654,-320,72,12748
-19,586,-559,19,661,-326,57,12692
-9,585,-576,9,670,-332,45,12608
-4,590,-599,4,686,-341,39,12580
-3,593,-578,3,676,-337,34,12552
-6,579,-581,6,669,-334,23,12454
3,589,-591,-3,681,-340,19,12454
8,596,-586,-8,682,-341,-9,12286
14,581,-598,-14,680,-341,-3,12342
13,590,-601,-13,687,-344,-7,12300
16,593,-597,-16,687,-344,-17,12244
17,589,-597,-17,684,-341,-38,12090
24,579,-600,-24,680,-338,-46,12034
39,566,-600,-39,673,-333,-53,12048
44,581,-593,-44,677,-333,-68,11936
51,556,-591,-51,662,-325,-70,11936
54,541,-593,-54,654,-317,-87,11824
68,532,-596,-68,651,-311,-105,11740
90,522,-590,-90,642,-302,-118,11698
93,504,-597,-93,635,-297,-123,11656
107,494,-600,-107,631,-289,-140,11558
127,482,-593,-127,620,-279,-151,11544
137,471,-595,-137,615,-273,-159,11502
146,455,-601,-146,609,-265,-169,11432
158,449,-594,-158,602,-257,-176,11404
199,441,-592,-199,596,-240,-204,11320
174,429,-597,-174,592,-233,-203,11194
206,410,-595,-206,580,-221,-215,11194
215,395,-594,-215,570,-207,-225,11082
228,373,-598,-228,560,-199,-228,11082
244,370,-599,-244,559,-192,-238,11054
256,363,-597,-256,554,-175,-251,10942
271,337,-608,-271,545,-168,-255,10914
286,328,-604,-286,538,-155,-263,10858
302,321,-603,-302,533,-145,-271,10830
311,311,-605,-311,528,-137,-275,10788
319,297,-612,-319,524,-123,-282,10704
337,287,-613,-337,519,-109,-290,10634
357,272,-612,-357,510,-99,-296,10648
367,262,-612,-367,504,-90,-299,10592
374,253,-666,-374,530,-83,-314,10494
392,239,-621,-392,496,-64,-310,10466
408,232,-620,-408,491,-45,-317,10368
423,220,-620,-423,484,-34,-320,10340
430,203,-625,-430,478,-21,-321,10298
446,195,-622,-446,471,-5,-325,10214
458,184,-618,-458,463,10,-326,10158
468,161,-617,-468,449,30,-323,10074
487,143,-619,-487,439,44,-325,10046
502,132,-614,-502,430,57,-326,9990
512,122,-614,-512,424,67,-326,9962
513,118,-615,-513,423,76,-324,9906
522,103,-611,-522,412,86,-321,9864
534,98,-606,-534,406,101,-320,9794
535,79,-604,-535,394,116,-312,9696
554,67,-604,-554,387,138,-309,9626
565,51,-595,-565,372,150,-303,9584
572,38,-593,-572,364,159,-300,9542
583,23,-595,-583,356,173,-295,9486
591,17,-591,-591,351,185,-290,9416
590,15,-584,-590,345,189,-285,9388
592,8,-587,-592,343,201,-277,9304
625,6,-584,-625,340,223,-277,9234
597,7,-574,-597,335,218,-264,9164
588,-10,-574,-588,325,222,-253,9108
589,-12,-571,-589,322,226,-249,9080
577,-14,-548,-577,308,225,-237,9024
570,-12,-533,-570,300,231,-224,8940
565,-20,-537,-565,298,235,-217,8884
567,-19,-533,-567,296,241,-210,8828
571,-33,-513,-571,277,250,-195,8744
558,-57,-497,-558,254,251,-176,8702
561,-73,-479,-561,234,258,-161,8632
565,-89,-453,-565,210,264,-146,8590
554,-109,-434,-554,187,263,-127,8534
559,-125,-422,-559,171,269,-113,8478
556,-141,-404,-556,151,271,-96,8394
560,-162,-378,-560,124,275,-80,8366
554,-184,-360,-554,101,274,-65,8324
556,-201,-351,-556,86,278,-43,8198
560,-220,-327,-560,61,280,-31,8198
564,-238,-303,-564,37,282,-12,8156
564,-256,-304,-564,27,282,0,8072
571,-274,-283,-571,5,285,8,8100
572,-280,-276,-572,-2,285,18,8058
574,-294,-274,-574,-11,285,30,7974
582,-306,-265,-582,-23,287,47,7890
589,-326,-242,-589,-48,287,66,7834
588,-352,-221,-588,-75,284,83,7792
588,-373,-214,-588,-91,280,98,7736
597,-394,-194,-597,-115,281,114,7694
605,-412,-172,-605,-138,280,133,7624
597,-436,-150,-597,-165,271,149,7610
600,-452,-145,-600,-177,269,158,7554
608,-460,-126,-608,-192,267,173,7512
600,-475,-112,-600,-209,259,183,7470
602,-496,-101,-602,-228,252,199,7414
610,-540,-76,-610,-267,250,219,7400
603,-532,-63,-603,-270,243,222,7386
602,-543,-53,-602,-282,230,239,7260
601,-542,-44,-601,-287,228,242,7246
590,-552,-22,-590,-305,214,253,7190
589,-572,-14,-589,-322,204,266,7120
594,-576,-4,-594,-330,194,278,7036
596,-581,1,-596,-336,190,284,6980
595,-587,1,-595,-339,182,289,6924
595,-592,5,-595,-344,174,296,6868
599,-592,14,-599,-349,174,299,6868
597,-596,16,-597,-353,165,304,6798
594,-602,13,-594,-355,159,306,6756
595,-596,19,-595,-355,148,312,6658
594,-594,22,-594,-355,136,317,6574
582,-598,27,-582,-360,130,316,6574
580,-598,25,-580,-359,114,321,6462
570,-590,50,-570,-369,99,324,6378
559,-589,49,-559,-368,99,319,6420
548,-588,53,-548,-370,74,322,6252
534,-594,61,-534,-378,66,320,6266
528,-585,77,-528,-382,51,321,6168
516,-584,90,-516,-389,40,320,6126
500,-591,92,-500,-394,25,317,6056
496,-585,109,-496,-400,22,317,6056
485,-585,117,-485,-405,-3,315,5902
464,-589,122,-464,-410,-16,309,5860
454,-585,149,-454,-423,-28,309,5846
446,-586,151,-446,-425,-38,305,5776
428,-589,170,-428,-438,-56,301,5706
414,-590,178,-414,-443,-66,295,5664
409,-591,194,-409,-453,-79,294,5622
394,-588,211,-394,-461,-97,287,5524
374,-596,228,-374,-475,-112,281,5482
360,-597,242,-360,-484,-122,275,5440
350,-599,261,-350,-496,-143,267,5342
334,-604,281,-334,-510,-153,263,5314
317,-612,293,-317,-522,-172,252,5244
308,-609,310,-308,-530,-177,250,5216
300,-612,329,-300,-543,-188,247,5188
291,-619,340,-291,-553,-206,235,5076
274,-625,351,-274,-563,-217,226,5034
260,-624,372,-260,-575,-227,219,4992
248,-624,392,-248,-586,-240,209,4950
234,-633,396,-234,-594,-248,201,4908
231,-632,409,-231,-601,-257,194,4852
221,-634,423,-221,-610,-265,187,4810
205,-640,435,-205,-620,-276,174,4754
188,-637,441,-188,-622,-281,163,4712
191,-633,455,-191,-628,-286,161,4698
179,-639,460,-179,-634,-301,135,4502
165,-633,474,-165,-639,-301,135,4544
152,-631,491,-152,-647,-309,122,4488
135,-633,494,-135,-650,-315,106,4418
123,-627,496,-123,-648,-318,89,4348
111,-624,517,-111,-658,-324,83,4348
98,-624,531,-98,-666,-330,69,4264
94,-620,530,-94,-663,-330,59,4222
82,-619,545,-82,-672,-335,49,4180
64,-618,551,-64,-674,-338,27,4082
59,-617,560,-59,-679,-340,25,4068
54,-611,565,-54,-678,-340,10,3970
27,-604,573,-27,-679,-340,-16,3900
13,-587,562,-13,-663,-331,-27,3844
10,-581,579,-10,-669,-334,-28,3844
4,-580,581,-4,-670,-333,-44,3746
5,-576,575,-5,-664,-329,-51,3704
2,-572,579,-2,-664,-327,-60,3620
-14,-554,564,14,-645,-315,-74,3578
-6,-548,560,6,-639,-312,-73,3522
-9,-547,563,9,-640,-310,-83,3466
-19,-544,555,19,-634,-302,-98,3382
-29,-526,549,29,-620,-294,-101,3368
-33,-509,550,33,-611,-287,-108,3312
-50,-565,548,50,-642,-294,-132,3214
-69,-478,539,69,-587,-262,-138,3158
-85,-452,544,85,-575,-252,-147,3116
-104,-436,544,104,-565,-240,-160,3046
-122,-425,537,122,-555,-229,-169,3018
-135,-404,539,135,-544,-220,-175,2990
-151,-389,545,151,-539,-210,-187,2934
-172,-382,539,172,-531,-197,-199,2864
-189,-364,546,189,-525,-182,-212,2780
-208,-343,551,208,-516,-176,-216,2794
-229,-336,553,229,-513,-159,-233,2682
-254,-320,555,254,-505,-149,-241,2682
-260,-304,560,260,-498,-138,-245,2598
-271,-290,567,271,-494,-128,-252,2542
-302,-280,569,302,-490,-117,-264,2528
-313,-269,571,313,-484,-105,-269,2472
-322,-256,579,322,-482,-95,-275,2430
-342,-245,580,342,-476,-86,-281,2416
-359,-238,584,359,-474,-77,-288,2388
-368,-227,589,368,-471,-62,-293,2290
-376,-211,592,376,-463,-49,-295,2234
-410,-194,591,410,-453,-34,-304,2220
-417,-180,595,417,-447,-19,-306,2136
-443,-158,600,443,-437,-2,-312,2108
-465,-144,592,465,-424,10,-315,2108
-472,-128,596,472,-417,23,-315,2024
-486,-112,600,486,-411,38,-316,1982
-506,-105,592,506,-402,56,-319,1912
-521,-82,582,521,-383,68,-317,1912
-542,-59,597,542,-378,73,-323,1926
-546,-53,591,546,-371,93,-317,1814
-549,-45,590,549,-366,103,-314,1730
-565,-21,588,565,-351,118,-311,1702
-585,-13,585,585,-345,139,-310,1618
-585,-6,585,585,-341,140,-308,1618
-586,-3,583,586,-338,153,-302,1534
-594,1,586,594,-337,160,-302,1492
-595,46,577,595,-306,176,-285,1422
-596,9,582,596,-330,174,-293,1380
-614,-1,584,614,-337,187,-296,1324
-608,12,576,608,-325,191,-287,1310
-596,10,585,596,-331,191,-282,1226
-604,22,580,604,-322,200,-278,1198
-609,22,577,609,-320,210,-273,1142
-605,22,568,605,-315,219,-262,1044
-603,33,561,603,-304,226,-251,988
-599,48,549,599,-289,230,-240,932
-604,52,537,604,-280,242,-228,862
-602,66,520,602,-262,247,-216,806
-598,79,512,598,-249,252,-203,764
-599,92,503,599,-237,257,-195,708
-602,99,490,602,-225,266,-179,638
-598,109,477,598,-212,270,-166,568
-598,126,468,598,-197,274,-155,526
-597,143,453,597,-178,280,-136,442
-601,154,433,601,-161,282,-131,456
-598,159,430,598,-156,288,-111,302
-597,184,412,597,-131,290,-95,260
-600,196,389,600,-111,293,-85,260
-609,208,383,609,-101,299,-73,204
-599,221,375,599,-88,297,-55,106
-605,233,363,605,-75,301,-45,92
-601,246,344,601,-56,300,-25,16378
-604,267,338,604,-40,302,-9,16294
-611,281,315,611,-19,305,-2,16322
-610,295,304,610,-5,304,16,16252
-612,309,299,612,5,304,28,16182
-614,326,293,614,19,304,39,16154
-622,331,277,622,31,306,53,16084
-622,349,266,622,47,304,68,16000
-622,368,254,622,65,300,85,15958
-630,380,239,630,81,302,97,15930
-626,392,186,626,118,293,122,15860
-627,406,219,627,107,292,124,15804
-634,421,218,634,117,289,140,15706
-634,430,187,634,140,284,155,15678
-628,447,175,628,157,279,162,15650
-629,456,170,629,165,272,176,15566
-631,461,154,631,177,269,186,15538
-626,475,148,626,188,260,197,15482
-621,484,139,621,199,253,204,15454
-626,487,126,626,208,246,218,15342
-619,503,112,619,225,240,225,15356
-631,469,104,631,210,237,232,15216
-619,516,88,619,247,223,246,15216
-607,529,76,607,261,206,258,15132
-605,539,65,605,273,199,265,15090
-610,545,53,610,284,188,278,15006
-602,556,37,602,299,181,282,15006
-593,563,30,593,307,164,290,14894
-593,567,19,593,316,155,298,14838
-587,568,9,587,322,147,300,14796
-582,569,12,582,321,141,300,14754
-583,567,10,583,321,131,305,14670
-586,565,-1,586,326,123,311,14600
-563,561,-9,563,329,109,307,14572
-546,556,-6,546,324,89,304,14446
-542,552,-14,542,326,83,304,14404
-533,542,-27,533,328,76,303,14390
-524,543,-24,524,327,62,302,14278
-505,545,-43,505,339,43,300,14222
-492,542,-59,492,346,33,298,14180
-472,542,-81,472,359,14,296,14124
-450,541,-99,450,369,3,290,14124
-436,544,-104,436,374,-14,286,14026
-428,542,-123,428,383,-27,285,13956
-405,545,-148,405,400,-51,280,13886
-381,549,-167,381,413,-66,273,13844
-359,552,-188,359,427,-82,266,13802
-349,554,-166,349,415,-86,257,13732
-336,553,-229,336,451,-108,260,13704
-323,563,-243,323,465,-123,255,13648
-305,568,-254,305,474,-135,247,13620
-299,570,-270,299,484,-140,247,13606
-297,571,-286,297,494,-154,243,13508
-280,579,-299,280,506,-164,238,13522
-273,585,-307,273,514,-174,233,13466
-268,580,-325,268,522,-185,228,13382
-241,586,-343,241,536,-199,216,13354
-228,589,-355,228,545,-209,209,13312
-217,588,-371,217,553,-219,200,13270
-199,594,-392,199,569,-235,189,13200
-183,597,-411,183,581,-243,184,13186
-174,597,-421,174,587,-254,171,13102
-154,597,-452,154,605,-268,161,13060
-132,601,-464,132,614,-279,145,13018
-112,603,-478,112,624,-288,133,12990
-102,598,-492,102,629,-293,125,12934
-87,599,-514,87,642,-304,112,12878
-65,602,-531,65,654,-315,95,12822
-45,603,-539,45,659,-320,82,12794
47,588,-558,-47,661,-330,33,12738
-20,588,-563,20,664,-327,58,12682
-7,590,-571,7,670,-332,48,12640
-8,589,-582,8,676,-336,37,12570
1,589,-581,-1,675,-337,28,12528
-6,588,-582,6,675,-337,19,12430
7,587,-588,-7,678,-339,13,12430
12,592,-588,-12,681,-341,6,12388
9,588,-592,-9,681,-341,-5,12318
16,587,-595,-16,682,-341,-13,12276
18,593,-596,-18,686,-343,-22,12206
18,582,-600,-18,682,-340,-35,12122
28,575,-600,-28,678,-337,-48,12052
39,569,-591,-39,669,-330,-61,11996